pair,scene,object,n_frames,centroid_m,adds_m,adds_frac_diam
LAS2-H -> RealSense,scene_001,apple,8,0.04787492822374097,0.016703657549283234,0.12419435065878079
LAS2-H -> RealSense,scene_001,chips_box,8,0.03940755309021899,0.01940839275700693,0.07201780629116171
LAS2-H -> RealSense,scene_001,lemon,8,0.057843170236892304,0.03469931713144727,0.33528859312796977
LAS2-H -> RealSense,scene_001,orange,8,0.08315551782702059,0.0514080759708211,0.4031445329815745
LAS2-H -> RealSense,scene_001,rubiks_cube,8,0.05481835496401404,0.023472921999540097,0.18218978496825128
LAS2-H -> RealSense,scene_001,scissors,8,0.08018503286941091,0.035820249125209355,0.17070270385584252
LAS2-H -> RealSense,scene_001,wood_block,8,0.041998459921305,0.02414218257407952,0.09791728310650062
LAS2-H -> RealSense,scene_002,apple,11,0.02598632695164297,0.01480449274869801,0.11007375829709076
LAS2-H -> RealSense,scene_002,chips_box,11,0.03960695015300179,0.01913150572902569,0.07099037467457464
LAS2-H -> RealSense,scene_002,lemon,11,0.027296622664613125,0.01357770444353124,0.13119708965837784
LAS2-H -> RealSense,scene_002,orange,11,0.06718065776002037,0.031240195133133416,0.2449870694314407
LAS2-H -> RealSense,scene_002,rubiks_cube,11,0.04130416070856447,0.019459434413137317,0.15103829729433513
LAS2-H -> RealSense,scene_002,scissors,11,0.051849759790518986,0.031002017408178043,0.14774124484906023
LAS2-H -> RealSense,scene_002,wood_block,11,0.029873692816904752,0.018115613992127674,0.07347437202383433
LAS2-H -> RealSense,scene_004,chips_box,11,0.030436451660126377,0.017113306371931706,0.06350153764536377
LAS2-H -> RealSense,scene_004,scissors,11,0.029332297806762164,0.01664790573979073,0.07933620208463216
LAS2-H -> RealSense,scene_004,wood_block,11,0.04744970008171663,0.025250345514112857,0.10241183549398349
LAS2-H -> RealSense,scene_005,apple,11,0.025639803182094002,0.016678519931656182,0.12400744847349059
LAS2-H -> RealSense,scene_005,chips_box,11,0.03020113094436925,0.014648943407764818,0.05435714239293309
LAS2-H -> RealSense,scene_005,lemon,11,0.037634481112219634,0.018460460044947877,0.17837762205862495
LAS2-H -> RealSense,scene_005,orange,11,0.05654316111834104,0.025577377264304105,0.2005789871996784
LAS2-H -> RealSense,scene_005,rubiks_cube,11,0.07335480504832503,0.03828871437889892,0.2971855246457625
LAS2-H -> RealSense,scene_005,scissors,11,0.04621490429863662,0.020038700006116714,0.09549515585007029
LAS2-H -> RealSense,scene_005,wood_block,11,0.053100294448695046,0.028603453249046448,0.11601156693336878
LAS2-H -> RealSense,scene_006,apple,11,0.16160938187813095,0.11857789553479335,0.8816455135636049
LAS2-H -> RealSense,scene_006,chips_box,11,0.07375704650516875,0.04233874437932313,0.15710437899193305
LAS2-H -> RealSense,scene_006,lemon,11,0.1328152840890232,0.10400769465960608,1.0049936569298785
LAS2-H -> RealSense,scene_006,orange,11,0.10010114102438152,0.07077977383322896,0.5550582924506754
LAS2-H -> RealSense,scene_006,rubiks_cube,11,0.17859895707171256,0.13546866455895135,1.0514671699763276
LAS2-H -> RealSense,scene_006,scissors,11,0.14590777682487893,0.09902027033033972,0.47188471031681184
LAS2-H -> RealSense,scene_006,wood_block,11,0.1406765625181656,0.09018858340073856,0.36579215763639644
LAS2-H -> RealSense,scene_009,apple,8,0.041474677049130264,0.017812337563327986,0.13243756290294972
LAS2-H -> RealSense,scene_009,chips_box,8,0.15070732644889193,0.08539898304848396,0.3168859727669888
LAS2-H -> RealSense,scene_009,lemon,8,0.047540662970537335,0.0264456782079926,0.2555362748806641
LAS2-H -> RealSense,scene_009,orange,8,0.05667765825549091,0.02394806324504209,0.1878018305570423
LAS2-H -> RealSense,scene_009,rubiks_cube,8,0.04353094434743646,0.020807984895545948,0.1615053419346945
LAS2-H -> RealSense,scene_009,scissors,8,0.038540353656072765,0.020771570804511065,0.09898767837345111
LAS2-H -> RealSense,scene_009,wood_block,8,0.04960198829750766,0.02321306301716135,0.09414890539601883
LAS2-H -> SGBM,scene_001,apple,8,0.02016758519603106,0.0060551250261368225,0.045020817659846314
LAS2-H -> SGBM,scene_001,chips_box,8,0.003696506059625278,0.0026528424163364097,0.009843777053188408
LAS2-H -> SGBM,scene_001,lemon,8,0.010543820454401054,0.0058035703237623755,0.05607807558869856
LAS2-H -> SGBM,scene_001,orange,8,0.028945727774478035,0.013257505326890746,0.10396597601792602
LAS2-H -> SGBM,scene_001,rubiks_cube,8,0.016916048367403926,0.007890104569261175,0.06124062674765736
LAS2-H -> SGBM,scene_001,scissors,8,0.06489580736604693,0.01876979213267467,0.08944812909201007
LAS2-H -> SGBM,scene_001,wood_block,8,0.0015036147457131543,0.0012744186898721171,0.005168862229813599
LAS2-H -> SGBM,scene_002,apple,11,0.020242905968352987,0.0028399834558604634,0.021115728704424117
LAS2-H -> SGBM,scene_002,chips_box,11,0.0038829658478043527,0.002558062744941582,0.009492082603250592
LAS2-H -> SGBM,scene_002,lemon,11,0.009003046984813403,0.004857507347956431,0.04693656646427373
LAS2-H -> SGBM,scene_002,orange,11,0.013508689285745118,0.004531153335672334,0.03553351610385799
LAS2-H -> SGBM,scene_002,rubiks_cube,11,0.03328856559762804,0.012500023204149146,0.09702143345028387
LAS2-H -> SGBM,scene_002,scissors,11,0.0782846974897888,0.023922337167027987,0.11400277040755857
LAS2-H -> SGBM,scene_002,wood_block,11,0.01751190195968658,0.002498711435891352,0.010134420710259776
LAS2-H -> SGBM,scene_004,chips_box,11,0.006864979976065788,0.004045696623535993,0.015012175371473398
LAS2-H -> SGBM,scene_004,scissors,11,0.0169229647291728,0.007684496003983546,0.03662074602173057
LAS2-H -> SGBM,scene_004,wood_block,11,0.01159376482462144,0.00684174263888205,0.027749141936839684
LAS2-H -> SGBM,scene_005,apple,11,0.008201704526013471,0.0026648213139688903,0.019813370319259626
LAS2-H -> SGBM,scene_005,chips_box,11,0.003823034881353105,0.002550935543655047,0.009465636034074148
LAS2-H -> SGBM,scene_005,lemon,11,0.01744467224616081,0.009229585316991444,0.08918258144290911
LAS2-H -> SGBM,scene_005,orange,11,0.011366295735829429,0.0024669536381572658,0.019345965659298373
LAS2-H -> SGBM,scene_005,rubiks_cube,11,0.007193163529568328,0.004097546081973703,0.031803924521494005
LAS2-H -> SGBM,scene_005,scissors,11,0.03324861722008332,0.014295049334257758,0.06812357905666014
LAS2-H -> SGBM,scene_005,wood_block,11,0.017723950639336638,0.0033788780685867787,0.013704252273337474
LAS2-H -> SGBM,scene_006,apple,11,0.016055376330044183,0.007838068881299757,0.058277288806941024
LAS2-H -> SGBM,scene_006,chips_box,11,0.006423375700533738,0.006370035385933506,0.023636989432130183
LAS2-H -> SGBM,scene_006,lemon,11,0.0419835516668516,0.02292002931007773,0.22146903792706618
LAS2-H -> SGBM,scene_006,orange,11,0.013041054440636855,0.006444622164423352,0.05053902803508595
LAS2-H -> SGBM,scene_006,rubiks_cube,11,0.030594355729362876,0.010371685956106089,0.08050191766232695
LAS2-H -> SGBM,scene_006,scissors,11,0.03134330139626233,0.013666754911153661,0.06512941906445799
LAS2-H -> SGBM,scene_006,wood_block,11,0.03438996186529989,0.016670048105419548,0.06761136093345052
LAS2-H -> SGBM,scene_009,apple,8,0.02322023470520685,0.002413724075294694,0.017946422411752212
LAS2-H -> SGBM,scene_009,chips_box,8,0.11252823238456888,0.07901093125603563,0.29318213070616894
LAS2-H -> SGBM,scene_009,lemon,8,0.027939721547389017,0.014307825909770817,0.13825202386070365
LAS2-H -> SGBM,scene_009,orange,8,0.01227774780635215,0.0030486412772610383,0.02390758729518197
LAS2-H -> SGBM,scene_009,rubiks_cube,8,0.02135732159576173,0.006571963809920666,0.05100961326297744
LAS2-H -> SGBM,scene_009,scissors,8,0.006490517292329393,0.0033379873797530143,0.015907300621187073
LAS2-H -> SGBM,scene_009,wood_block,8,0.005547607670408817,0.0032007807532840413,0.012981914713777751
LAS2-H -> ZED,scene_001,apple,8,0.03895706142854486,0.010451656945106047,0.07770973176239965
LAS2-H -> ZED,scene_001,chips_box,8,0.043042054468748904,0.02183761257813947,0.08103179754264302
LAS2-H -> ZED,scene_001,lemon,8,0.03872553762691659,0.01911829998042418,0.18473412255209862
LAS2-H -> ZED,scene_001,orange,8,0.07304730646967043,0.0378890386363123,0.2971276107440164
LAS2-H -> ZED,scene_001,rubiks_cube,8,0.040604975099250616,0.016383794701828398,0.12716610372362563
LAS2-H -> ZED,scene_001,scissors,8,0.08078449055790653,0.0376380414367791,0.17936545942598553
LAS2-H -> ZED,scene_001,wood_block,8,0.04296294034643619,0.02210663954986383,0.08966140806430015
LAS2-H -> ZED,scene_002,apple,11,0.02981286163188041,0.010174509287710734,0.0756490948482832
LAS2-H -> ZED,scene_002,chips_box,11,0.03768773726208643,0.01892701725060961,0.07023158893627456
LAS2-H -> ZED,scene_002,lemon,11,0.022115024039626216,0.012360457139842417,0.11943521162496945
LAS2-H -> ZED,scene_002,orange,11,0.0421616381816678,0.025934408866762557,0.20337884570273676
LAS2-H -> ZED,scene_002,rubiks_cube,11,0.027621422056432685,0.01770440723609138,0.1374163023843831
LAS2-H -> ZED,scene_002,scissors,11,0.05547758715021697,0.03163909537325447,0.15077726313093723
LAS2-H -> ZED,scene_002,wood_block,11,0.03160390271817009,0.016718580936245946,0.06780820324136556
LAS2-H -> ZED,scene_004,chips_box,11,0.02688149505972548,0.015005221652955768,0.055679167249352665
LAS2-H -> ZED,scene_004,scissors,11,0.03372376231511479,0.018068306970556988,0.08610517596318973
LAS2-H -> ZED,scene_004,wood_block,11,0.04064855233006581,0.02155867779439988,0.08743895256854452
LAS2-H -> ZED,scene_005,apple,11,0.014423621784016107,0.014709318760166512,0.10936612455457655
LAS2-H -> ZED,scene_005,chips_box,11,0.028533412479845623,0.01345178643521185,0.04991490855992769
LAS2-H -> ZED,scene_005,lemon,11,0.02258723541097017,0.012600668745181681,0.12175630085280965
LAS2-H -> ZED,scene_005,orange,11,0.04932550472211776,0.020841289571926876,0.16343836629826744
LAS2-H -> ZED,scene_005,rubiks_cube,11,0.0690768587836227,0.03656975228488105,0.2838434561004052
LAS2-H -> ZED,scene_005,scissors,11,0.05276059561487124,0.021847505785556595,0.10411508577353806
LAS2-H -> ZED,scene_005,wood_block,11,0.04873881824811433,0.026196938799792166,0.10625108418064069
LAS2-H -> ZED,scene_006,apple,11,0.14968215088009046,0.11382813138067602,0.8463302616098034
LAS2-H -> ZED,scene_006,chips_box,11,0.06648831471771384,0.03703126079696319,0.1374101503500522
LAS2-H -> ZED,scene_006,lemon,11,0.11779543198491696,0.09295377330057854,0.8981830898234541
LAS2-H -> ZED,scene_006,orange,11,0.06570049406967078,0.042707273293222006,0.3349124319782913
LAS2-H -> ZED,scene_006,rubiks_cube,11,0.15349638589687065,0.11866529722692168,0.9210444692565364
LAS2-H -> ZED,scene_006,scissors,11,0.1477705954195666,0.1012639975887682,0.48257727441344866
LAS2-H -> ZED,scene_006,wood_block,11,0.13333413531297336,0.08406799010522704,0.34096789559391616
LAS2-H -> ZED,scene_009,apple,8,0.02742183370559654,0.014610562325804818,0.10863185475751322
LAS2-H -> ZED,scene_009,chips_box,8,0.13012595864996362,0.08294912494767609,0.3077954000259195
LAS2-H -> ZED,scene_009,lemon,8,0.04137166840725362,0.02284311371424021,0.2207258267041978
LAS2-H -> ZED,scene_009,orange,8,0.03253556137133615,0.01922032788318488,0.1507267090216981
LAS2-H -> ZED,scene_009,rubiks_cube,8,0.04418845178908848,0.020884413881058807,0.16209856081201204
LAS2-H -> ZED,scene_009,scissors,8,0.04190086918892888,0.02213528669954776,0.10548651621682398
LAS2-H -> ZED,scene_009,wood_block,8,0.046456646189666634,0.021024036226214172,0.08527052187128228
LAS2-M -> RealSense,scene_001,apple,8,0.035892992632864794,0.014903061133344261,0.11080662991460974
LAS2-M -> RealSense,scene_001,chips_box,8,0.04056408848861617,0.02045539183418882,0.07590285631418786
LAS2-M -> RealSense,scene_001,lemon,8,0.053230282627353645,0.02971243193094839,0.2871018891466795
LAS2-M -> RealSense,scene_001,orange,8,0.08316799371326868,0.05047588689126036,0.3958342626780653
LAS2-M -> RealSense,scene_001,rubiks_cube,8,0.04339007404094391,0.018910096725125218,0.14677450281421708
LAS2-M -> RealSense,scene_001,scissors,8,0.04236684127312968,0.025172640965712423,0.11996113876872272
LAS2-M -> RealSense,scene_001,wood_block,8,0.04103574458836686,0.02366284210048509,0.09597314583915416
LAS2-M -> RealSense,scene_002,apple,11,0.030028918920605344,0.01718505342245871,0.12777360554367337
LAS2-M -> RealSense,scene_002,chips_box,11,0.04115929592528466,0.020405451713353045,0.07571754586661308
LAS2-M -> RealSense,scene_002,lemon,11,0.032018729429166566,0.01563745704477455,0.1510998315263628
LAS2-M -> RealSense,scene_002,orange,11,0.07391276296730857,0.0361963675709801,0.28385360518675534
LAS2-M -> RealSense,scene_002,rubiks_cube,11,0.059479387739958575,0.028374903274292897,0.22023749434091078
LAS2-M -> RealSense,scene_002,scissors,11,0.12278040638198356,0.050796130838070414,0.24207081444811376
LAS2-M -> RealSense,scene_002,wood_block,11,0.037856826145782514,0.01986441433642812,0.0805672592507524
LAS2-M -> RealSense,scene_004,chips_box,11,0.0335391567309726,0.018748388876776097,0.06956876106660446
LAS2-M -> RealSense,scene_004,scissors,11,0.028835016384625604,0.016104901841020206,0.0767484971973661
LAS2-M -> RealSense,scene_004,wood_block,11,0.05366205128564023,0.025538505471034634,0.1035805715846533
LAS2-M -> RealSense,scene_005,apple,11,0.030292488464713996,0.018205038304643182,0.13535735537516522
LAS2-M -> RealSense,scene_005,chips_box,11,0.04983367601604498,0.015768136834014377,0.058510080577105154
LAS2-M -> RealSense,scene_005,lemon,11,0.038585073328244394,0.018982986874273303,0.18342663454531055
LAS2-M -> RealSense,scene_005,orange,11,0.0648178748630171,0.03155999006780799,0.24749491624645145
LAS2-M -> RealSense,scene_005,rubiks_cube,11,0.08257971099580996,0.04406843602854235,0.34204599172120864
LAS2-M -> RealSense,scene_005,scissors,11,0.03560104320514334,0.014343828452422202,0.06835603772363558
LAS2-M -> RealSense,scene_005,wood_block,11,0.049403397389557895,0.02682871606818701,0.10881348356022656
LAS2-M -> RealSense,scene_006,apple,11,0.18145873270762472,0.13943158946615491,1.0366960448021085
LAS2-M -> RealSense,scene_006,chips_box,11,0.08148763111041119,0.04653893299228223,0.17268982049147327
LAS2-M -> RealSense,scene_006,lemon,11,0.12392865853531018,0.09599814574012376,0.9275999036571647
LAS2-M -> RealSense,scene_006,orange,11,0.09707735593254153,0.06773590446837752,0.5311881267155005
LAS2-M -> RealSense,scene_006,rubiks_cube,11,0.20403034892415572,0.15988730361197215,1.2409973272517774
LAS2-M -> RealSense,scene_006,scissors,11,0.31699434408560556,0.26503826870342784,1.2630495375618647
LAS2-M -> RealSense,scene_006,wood_block,11,0.12465975399755501,0.07398088221094602,0.30005601049904546
LAS2-M -> RealSense,scene_009,apple,8,0.029279352919254625,0.014993772572888652,0.11148108389561957
LAS2-M -> RealSense,scene_009,chips_box,8,0.14942885402529674,0.08453045351472818,0.313663161249142
LAS2-M -> RealSense,scene_009,lemon,8,0.03462063458266459,0.01806739134981256,0.17457952282527928
LAS2-M -> RealSense,scene_009,orange,8,0.05826429527551123,0.024992238415348905,0.19599030101493745
LAS2-M -> RealSense,scene_009,rubiks_cube,8,0.03881208742043461,0.019486884936639633,0.1512513600299524
LAS2-M -> RealSense,scene_009,scissors,8,0.03327118641082889,0.017998868524203928,0.08577426451412128
LAS2-M -> RealSense,scene_009,wood_block,8,0.04796566954787917,0.022437175825514723,0.09100201651925507
LAS2-M -> SGBM,scene_001,apple,8,0.010365888801012635,0.005273452109181614,0.039208955194252784
LAS2-M -> SGBM,scene_001,chips_box,8,0.0064601452815123885,0.004390038466447974,0.01628990838374582
LAS2-M -> SGBM,scene_001,lemon,8,0.012975225811011869,0.007465027322887943,0.07213221226433277
LAS2-M -> SGBM,scene_001,orange,8,0.025386782444266086,0.012112804551083524,0.09498917906624899
LAS2-M -> SGBM,scene_001,rubiks_cube,8,0.017370896834959352,0.008389643064664517,0.06511789482117125
LAS2-M -> SGBM,scene_001,scissors,8,0.00812285773898804,0.0038643919809159813,0.018415900950195803
LAS2-M -> SGBM,scene_001,wood_block,8,0.002179636915945196,0.0018578748335532737,0.00753527795157993
LAS2-M -> SGBM,scene_002,apple,11,0.022278561279999984,0.002833420951681444,0.02106693544206201
LAS2-M -> SGBM,scene_002,chips_box,11,0.006344755147167435,0.004002633219115904,0.014852382030695898
LAS2-M -> SGBM,scene_002,lemon,11,0.00956084452187411,0.0045727952792479,0.04418548324836448
LAS2-M -> SGBM,scene_002,orange,11,0.017796776142514802,0.008124760775937137,0.0637147535041249
LAS2-M -> SGBM,scene_002,rubiks_cube,11,0.038972245504004716,0.01819583398610231,0.14123060952151292
LAS2-M -> SGBM,scene_002,scissors,11,0.006608501704992351,0.0032951829965941442,0.015703314771826852
LAS2-M -> SGBM,scene_002,wood_block,11,0.003095128348714685,0.002248068333492521,0.009117847683319451
LAS2-M -> SGBM,scene_004,chips_box,11,0.006109832527340806,0.0034843307598392877,0.01292914157592202
LAS2-M -> SGBM,scene_004,scissors,11,0.01737178286131692,0.007998251686885326,0.03811596017376662
LAS2-M -> SGBM,scene_004,wood_block,11,0.02066442742398794,0.0068751527428952165,0.027884648600466168
LAS2-M -> SGBM,scene_005,apple,11,0.009256786534021861,0.003126565698975998,0.023246513263976934
LAS2-M -> SGBM,scene_005,chips_box,11,0.025234530258291154,0.0027464705332091322,0.010191198484152167
LAS2-M -> SGBM,scene_005,lemon,11,0.016986824476262305,0.009077713076078868,0.08771508772256094
LAS2-M -> SGBM,scene_005,orange,11,0.016573863335886417,0.00558575739548424,0.04380377040037475
LAS2-M -> SGBM,scene_005,rubiks_cube,11,0.017989817036752512,0.009618937736045097,0.07465931160114578
LAS2-M -> SGBM,scene_005,scissors,11,0.014869575172458887,0.006868783676036497,0.03273343916737627
LAS2-M -> SGBM,scene_005,wood_block,11,0.01806456045153701,0.004954267913609129,0.020093811004608938
LAS2-M -> SGBM,scene_006,apple,11,0.034651409840215405,0.012301766870569079,0.0914655933251929
LAS2-M -> SGBM,scene_006,chips_box,11,0.02707516367099836,0.007884511693273026,0.029256685132855044
LAS2-M -> SGBM,scene_006,lemon,11,0.03642830916769121,0.019894986666660865,0.1922390018366974
LAS2-M -> SGBM,scene_006,orange,11,0.01831676571439581,0.00857230592673956,0.06722442348109153
LAS2-M -> SGBM,scene_006,rubiks_cube,11,0.06003121927733992,0.02648030403224424,0.20553218289665942
LAS2-M -> SGBM,scene_006,scissors,11,0.19942074615820202,0.1492787335249934,0.7113932499972039
LAS2-M -> SGBM,scene_006,wood_block,11,0.06306209012085959,0.02805318154050718,0.1137797425941565
LAS2-M -> SGBM,scene_009,apple,8,0.013274326861964995,0.002975548470293383,0.022123676148860745
LAS2-M -> SGBM,scene_009,chips_box,8,0.10982424017103463,0.0769988942089094,0.2857161598694924
LAS2-M -> SGBM,scene_009,lemon,8,0.024491364643705358,0.0137112310872725,0.13248731564050623
LAS2-M -> SGBM,scene_009,orange,8,0.01216787053008485,0.0026071628992302065,0.020445493233662862
LAS2-M -> SGBM,scene_009,rubiks_cube,8,0.01800784489843075,0.00647167063345609,0.05023116768836078
LAS2-M -> SGBM,scene_009,scissors,8,0.006883237479931263,0.0028763068760296997,0.013707145339530123
LAS2-M -> SGBM,scene_009,wood_block,8,0.0070241633343969545,0.004086619350548389,0.016574750964139243
LAS2-M -> ZED,scene_001,apple,8,0.026082172558635423,0.010300224692826862,0.0765838088808319
LAS2-M -> ZED,scene_001,chips_box,8,0.044470767863848785,0.02290487659662257,0.08499204372618616
LAS2-M -> ZED,scene_001,lemon,8,0.0399347392037662,0.020331360592241905,0.19645554589811345
LAS2-M -> ZED,scene_001,orange,8,0.0709845497433851,0.03561392580513646,0.27928606965375324
LAS2-M -> ZED,scene_001,rubiks_cube,8,0.039123115753686065,0.016261437696925164,0.1262164053259095
LAS2-M -> ZED,scene_001,scissors,8,0.03903692716623592,0.022764314857879265,0.1084841728510175
LAS2-M -> ZED,scene_001,wood_block,8,0.04217885694779568,0.02162498503998359,0.08770788539257192
LAS2-M -> ZED,scene_002,apple,11,0.03316900888756743,0.012166429278585866,0.09045933680284224
LAS2-M -> ZED,scene_002,chips_box,11,0.03951931213951019,0.020245197095383253,0.07512289662498303
LAS2-M -> ZED,scene_002,lemon,11,0.026350217222784304,0.013935682929166627,0.1346561232285224
LAS2-M -> ZED,scene_002,orange,11,0.04881209199372674,0.030492200330076446,0.23912125924779942
LAS2-M -> ZED,scene_002,rubiks_cube,11,0.04529767413457575,0.025752952572505004,0.19988669887686708
LAS2-M -> ZED,scene_002,scissors,11,0.12705062158991848,0.04894749231642832,0.23326106013866416
LAS2-M -> ZED,scene_002,wood_block,11,0.04358008398781902,0.018191900779958175,0.07378378046188107
LAS2-M -> ZED,scene_004,chips_box,11,0.030003979637793995,0.016699035307700113,0.0619643215744919
LAS2-M -> ZED,scene_004,scissors,11,0.03324301114830592,0.017556346842915606,0.08366541129965306
LAS2-M -> ZED,scene_004,wood_block,11,0.04819199599434507,0.022069740651208293,0.08951175134229973
LAS2-M -> ZED,scene_005,apple,11,0.01878604408943004,0.016128867395270793,0.11992069444115207
LAS2-M -> ZED,scene_005,chips_box,11,0.025562187661391032,0.013993280222088287,0.05192420397863544
LAS2-M -> ZED,scene_005,lemon,11,0.023171778154877896,0.012815845606629416,0.12383548722051825
LAS2-M -> ZED,scene_005,orange,11,0.0578272348338654,0.026670957069459707,0.2091548911116974
LAS2-M -> ZED,scene_005,rubiks_cube,11,0.076324829575805,0.041669731315476105,0.3234279647075955
LAS2-M -> ZED,scene_005,scissors,11,0.0421692190471128,0.017248830446400618,0.0821999306944897
LAS2-M -> ZED,scene_005,wood_block,11,0.045085232401681725,0.024428707471531374,0.09907938762686723
LAS2-M -> ZED,scene_006,apple,11,0.16978900870418825,0.134146819752769,0.9974029414204892
LAS2-M -> ZED,scene_006,chips_box,11,0.0712118178898248,0.040036322187051915,0.14856088971286346
LAS2-M -> ZED,scene_006,lemon,11,0.10267660084747948,0.07853678155175477,0.7588762307780967
LAS2-M -> ZED,scene_006,orange,11,0.06626019111392516,0.04319516445307928,0.33873849724278665
LAS2-M -> ZED,scene_006,rubiks_cube,11,0.17642680803937477,0.14109502757260606,1.0951373132857611
LAS2-M -> ZED,scene_006,scissors,11,0.31906435394449933,0.2673121304851681,1.2738857088285898
LAS2-M -> ZED,scene_006,wood_block,11,0.11752698734779234,0.06731645804099727,0.2730260472308815
LAS2-M -> ZED,scene_009,apple,8,0.012288130492868438,0.013499011842127545,0.10036730011506749
LAS2-M -> ZED,scene_009,chips_box,8,0.12901879950342549,0.08219626216495883,0.30500178765788954
LAS2-M -> ZED,scene_009,lemon,8,0.03364693012035048,0.017363526128204604,0.16777829446073728
LAS2-M -> ZED,scene_009,orange,8,0.03410735586890809,0.02022972178606553,0.15864242315584
LAS2-M -> ZED,scene_009,rubiks_cube,8,0.038388405675301086,0.01884961754671576,0.14630508155896424
LAS2-M -> ZED,scene_009,scissors,8,0.03654766307699402,0.019139685692016493,0.09121087034201643
LAS2-M -> ZED,scene_009,wood_block,8,0.04480076599906597,0.020258515500403338,0.08216567791597261
network (local) -> RealSense,scene_001,apple,8,0.0326729401146596,0.012994929689968593,0.09661936913759434
network (local) -> RealSense,scene_001,chips_box,8,0.03483661028388852,0.017267768881284784,0.06407469438312716
network (local) -> RealSense,scene_001,lemon,8,0.058566801071913276,0.03559261248931225,0.3439202253486181
network (local) -> RealSense,scene_001,orange,8,0.06762800914438849,0.03804317543550971,0.29833635872289394
network (local) -> RealSense,scene_001,rubiks_cube,8,0.031987393218905924,0.0151831691614533,0.11784720814545196
network (local) -> RealSense,scene_001,scissors,8,0.09171382444706824,0.03268765711504814,0.1557742223608495
network (local) -> RealSense,scene_001,wood_block,8,0.04840442026612828,0.025634813649652102,0.10397118395626559
network (local) -> RealSense,scene_002,apple,11,0.02777312025695811,0.014458783888333883,0.10750335793398275
network (local) -> RealSense,scene_002,chips_box,11,0.036187353105903444,0.017681320247616886,0.0656092399049967
network (local) -> RealSense,scene_002,lemon,11,0.025238473209679004,0.011891067181476166,0.11489964401789439
network (local) -> RealSense,scene_002,orange,11,0.05420605311869826,0.022506105967941007,0.17649393423767312
network (local) -> RealSense,scene_002,rubiks_cube,11,0.03734722901697263,0.013503565073914892,0.10481062464952359
network (local) -> RealSense,scene_002,scissors,11,0.13134738177021085,0.05370671973016157,0.25594133198572283
network (local) -> RealSense,scene_002,wood_block,11,0.03208824970012807,0.019124506866139486,0.07756629904267853
network (local) -> RealSense,scene_004,chips_box,11,0.02926785584179808,0.016479870063559807,0.06115107545484331
network (local) -> RealSense,scene_004,scissors,11,0.02928115775638468,0.015759167717252956,0.07510088861887733
network (local) -> RealSense,scene_004,wood_block,11,0.04708599664239488,0.02509303119339583,0.10177379082544159
network (local) -> RealSense,scene_005,apple,11,0.04465908403443285,0.027243264821016563,0.20255800708848612
network (local) -> RealSense,scene_005,chips_box,11,0.05179624800419697,0.016508826257651436,0.06125852183657769
network (local) -> RealSense,scene_005,lemon,11,0.03435473459320392,0.016375365013420625,0.15823000425362482
network (local) -> RealSense,scene_005,orange,11,0.05574226042602157,0.025134768788181387,0.19710803085613698
network (local) -> RealSense,scene_005,rubiks_cube,11,0.057545827225412655,0.025993116852717265,0.20175078203488991
network (local) -> RealSense,scene_005,scissors,11,0.031248990678724,0.012313589242497374,0.05868085870975171
network (local) -> RealSense,scene_005,wood_block,11,0.04861516921457364,0.025895996788350154,0.10503050588194762
network (local) -> RealSense,scene_006,apple,11,0.15617905998413897,0.11404850392509944,0.8479687665286778
network (local) -> RealSense,scene_006,chips_box,11,0.08136646987469025,0.04532646165952648,0.16819076038540315
network (local) -> RealSense,scene_006,lemon,11,0.14207032609912618,0.11383659104533773,1.0999671928265229
network (local) -> RealSense,scene_006,orange,11,0.10575646254200245,0.07598103121040438,0.5958467957478716
network (local) -> RealSense,scene_006,rubiks_cube,11,0.1441444511277371,0.10266097805596036,0.7968237408624387
network (local) -> RealSense,scene_006,scissors,11,0.13028757035491045,0.08266515978528903,0.3939438344132851
network (local) -> RealSense,scene_006,wood_block,11,0.12647213563437448,0.07749719300984587,0.31431767051796977
network (local) -> RealSense,scene_009,apple,8,0.0227693776800006,0.01299525814851028,0.09662181127909436
network (local) -> RealSense,scene_009,chips_box,8,0.062370482147094335,0.02254278871954851,0.08364846134314295
network (local) -> RealSense,scene_009,lemon,8,0.02981115394028439,0.015137910536946481,0.1462728706620561
network (local) -> RealSense,scene_009,orange,8,0.0391623378557095,0.01667773424906243,0.1307875709809743
network (local) -> RealSense,scene_009,rubiks_cube,8,0.0362506374424526,0.018147746974239203,0.14085737254866065
network (local) -> RealSense,scene_009,scissors,8,0.036191017273421416,0.018932223756223818,0.09022220291920799
network (local) -> RealSense,scene_009,wood_block,8,0.05069948594638435,0.023662118654480504,0.09597021164432626
network (local) -> ZED,scene_001,apple,8,0.022421431305309752,0.008408310260799324,0.06251712416256677
network (local) -> ZED,scene_001,chips_box,8,0.038401137155517386,0.019766795066971415,0.07334771281441096
network (local) -> ZED,scene_001,lemon,8,0.03945337930701888,0.019336457845223767,0.18684211341806772
network (local) -> ZED,scene_001,orange,8,0.062198367068800046,0.02943690823254167,0.23084560932732237
network (local) -> ZED,scene_001,rubiks_cube,8,0.033621415458902855,0.015620604364061447,0.12124244907465045
network (local) -> ZED,scene_001,scissors,8,0.09324080989510415,0.03533604609444322,0.16839521664998716
network (local) -> ZED,scene_001,wood_block,8,0.05274097008878353,0.0233484003855347,0.09469781464948998
network (local) -> ZED,scene_002,apple,11,0.03435061316912635,0.010428212586158857,0.0775354192247134
network (local) -> ZED,scene_002,chips_box,11,0.03437551384497118,0.017454813908072693,0.06476875352937324
network (local) -> ZED,scene_002,lemon,11,0.01954783808071838,0.01050969302745807,0.10155185982578661
network (local) -> ZED,scene_002,orange,11,0.030232032768246823,0.017772610952025935,0.13937364522617968
network (local) -> ZED,scene_002,rubiks_cube,11,0.027345097677719973,0.012456698843024378,0.09668516274494253
network (local) -> ZED,scene_002,scissors,11,0.13566008703115942,0.051906074184673634,0.24736028995482176
network (local) -> ZED,scene_002,wood_block,11,0.03380807669569419,0.01772721665408085,0.0718990872710724
network (local) -> ZED,scene_004,chips_box,11,0.025731795349816698,0.014376012507667074,0.053344390593224406
network (local) -> ZED,scene_004,scissors,11,0.03386002480865696,0.017395829282719863,0.08290045901118694
network (local) -> ZED,scene_004,wood_block,11,0.040274526123252906,0.021406346085162738,0.08682111666850932
network (local) -> ZED,scene_005,apple,11,0.036167691211135104,0.02188962413035101,0.16275283703660334
network (local) -> ZED,scene_005,chips_box,11,0.02748989817631815,0.014817979417241028,0.054984376329256526
network (local) -> ZED,scene_005,lemon,11,0.01957945174010336,0.01012408712224668,0.09782587118542252
network (local) -> ZED,scene_005,orange,11,0.04855169441999379,0.020370514033342616,0.15974652253524807
network (local) -> ZED,scene_005,rubiks_cube,11,0.04998538754677389,0.023908742367273528,0.1855724920331703
network (local) -> ZED,scene_005,scissors,11,0.03768516515763867,0.014898526298405122,0.07099947054291368
network (local) -> ZED,scene_005,wood_block,11,0.04534396129240606,0.02354980605053635,0.09551468758377028
network (local) -> ZED,scene_006,apple,11,0.14456748780472736,0.1091999598057458,0.8119190698220176
network (local) -> ZED,scene_006,chips_box,11,0.07094396842076273,0.039030154734609815,0.14482735167116828
network (local) -> ZED,scene_006,lemon,11,0.11385652406013437,0.0898017158791702,0.8677257498625824
network (local) -> ZED,scene_006,orange,11,0.07369245736922102,0.04936047715467338,0.3870871674241077
network (local) -> ZED,scene_006,rubiks_cube,11,0.12562674345169697,0.09074455084285588,0.7043320045720928
network (local) -> ZED,scene_006,scissors,11,0.13212418178501692,0.08434617817357035,0.4019547888627633
network (local) -> ZED,scene_006,wood_block,11,0.11914502315141128,0.07160530773853832,0.29042101592299313
network (local) -> ZED,scene_009,apple,8,0.007644124054090128,0.011712515549426239,0.08708441602984636
network (local) -> ZED,scene_009,chips_box,8,0.04194166091871292,0.021738643286826207,0.08066455686796124
network (local) -> ZED,scene_009,lemon,8,0.031996946601571846,0.016267809431568556,0.15719072847809212
network (local) -> ZED,scene_009,orange,8,0.018026355974246396,0.013986109817307954,0.10967972646414471
network (local) -> ZED,scene_009,rubiks_cube,8,0.03600606819639978,0.01760168500486347,0.13661900321475953
network (local) -> ZED,scene_009,scissors,8,0.03962261424764941,0.020158972660773995,0.09606831957314078
network (local) -> ZED,scene_009,wood_block,8,0.04757551860055263,0.021473619386294385,0.0870939676774106
network -> LAS2-H,scene_001,apple,8,0.009932344796172703,0.0025302160729976635,0.018812558943166274
network -> LAS2-H,scene_001,chips_box,8,0.004669779449564804,0.0030595199806597636,0.011352816282612855
network -> LAS2-H,scene_001,lemon,8,0.01775167820082938,0.010030166672468093,0.09691834740468305
network -> LAS2-H,scene_001,orange,8,0.020250187509395685,0.00827921538692573,0.06492599377791357
network -> LAS2-H,scene_001,rubiks_cube,8,0.027277585189158713,0.008207461870222163,0.06370385899549254
network -> LAS2-H,scene_001,scissors,8,0.02401033827917418,0.008474704017673721,0.040386511136148356
network -> LAS2-H,scene_001,wood_block,8,0.0019550085846585363,0.0015124252431278776,0.006134183197991858
network -> LAS2-H,scene_002,apple,11,0.015314081814830028,0.002298163798149224,0.017087213370876833
network -> LAS2-H,scene_002,chips_box,11,0.004331055990039624,0.0024640878050908054,0.00914337423264358
network -> LAS2-H,scene_002,lemon,11,0.008365996049523903,0.005287108111137144,0.051087663586672806
network -> LAS2-H,scene_002,orange,11,0.014953507759702906,0.0060461890451105425,0.04741449690303337
network -> LAS2-H,scene_002,rubiks_cube,11,0.01680865127706588,0.007499624721739981,0.05820983921060869
network -> LAS2-H,scene_002,scissors,11,0.08006564634604282,0.01977236096409036,0.09422590742978847
network -> LAS2-H,scene_002,wood_block,11,0.0029615935290530806,0.0019682299265975233,0.00798286262437002
network -> LAS2-H,scene_004,chips_box,11,0.0027838193878707462,0.0021187783777222003,0.007862050850429665
network -> LAS2-H,scene_004,scissors,11,0.005552781754792474,0.0028627692017105383,0.0136426310587354
network -> LAS2-H,scene_004,wood_block,11,0.002709396801699454,0.00177604131826517,0.007203372770286646
network -> LAS2-H,scene_005,apple,11,0.022534615831944244,0.0026327933897228495,0.019575237608327918
network -> LAS2-H,scene_005,chips_box,11,0.0270989132831928,0.002506856429704746,0.009302073747917673
network -> LAS2-H,scene_005,lemon,11,0.003746760636388538,0.002848211642817634,0.02752137372137378
network -> LAS2-H,scene_005,orange,11,0.004688851627852087,0.0024342376145944046,0.01908940507438658
network -> LAS2-H,scene_005,rubiks_cube,11,0.00967219808105549,0.0046253382530943125,0.03590048915738699
network -> LAS2-H,scene_005,scissors,11,0.02992335004606931,0.015467553377164716,0.07371118984369023
network -> LAS2-H,scene_005,wood_block,11,0.011090525764342657,0.004820778038889888,0.0195523949244916
network -> LAS2-H,scene_006,apple,11,0.04324630885444102,0.01968987950481418,0.146397385868041
network -> LAS2-H,scene_006,chips_box,11,0.023667058899488804,0.004690673239209787,0.017405459635218255
network -> LAS2-H,scene_006,lemon,11,0.04066984664259435,0.021653583773071135,0.20923177283139927
network -> LAS2-H,scene_006,orange,11,0.01586139700379813,0.007055194439192078,0.055327164333025765
network -> LAS2-H,scene_006,rubiks_cube,11,0.02816486727986348,0.009459568906026748,0.07342233851052443
network -> LAS2-H,scene_006,scissors,11,0.07197217908379283,0.04282772182882125,0.20409707064322233
network -> LAS2-H,scene_006,wood_block,11,0.0347286931703589,0.015330340642274428,0.06217769665947077
network -> LAS2-H,scene_009,apple,8,0.022107196907750024,0.0027471700891496267,0.020425646560612305
network -> LAS2-H,scene_009,chips_box,8,0.11592321043630585,0.07606101334192031,0.2822360096350727
network -> LAS2-H,scene_009,lemon,8,0.02685229466907412,0.013393190341297689,0.12941418789360243
network -> LAS2-H,scene_009,orange,8,0.017540027200395214,0.0022000358444113585,0.01725278385328714
network -> LAS2-H,scene_009,rubiks_cube,8,0.02103854413083365,0.0055187603433763084,0.042834963634725234
network -> LAS2-H,scene_009,scissors,8,0.004783960551502934,0.0027221120545685173,0.012972324293144146
network -> LAS2-H,scene_009,wood_block,8,0.003178579999664125,0.0020489175283515187,0.008310120142197477
network -> LAS2-M,scene_001,apple,8,0.023000329662727567,0.003469484965758873,0.02579617255511296
network -> LAS2-M,scene_001,chips_box,8,0.006771517814868318,0.004415198758341679,0.016383269490485363
network -> LAS2-M,scene_001,lemon,8,0.013013048223965812,0.007233973401737384,0.06989961085993618
network -> LAS2-M,scene_001,orange,8,0.023085020146381526,0.009561795906311819,0.0749840501189572
network -> LAS2-M,scene_001,rubiks_cube,8,0.015597106407898789,0.009781737667847939,0.07592291587540642
network -> LAS2-M,scene_001,scissors,8,0.08154669238174127,0.019598395235416424,0.09339686740387772
network -> LAS2-M,scene_001,wood_block,8,0.0032728622468787094,0.0024297904355202785,0.009854886865935225
network -> LAS2-M,scene_002,apple,11,0.01687677911602378,0.0029386099779256237,0.021849032582899643
network -> LAS2-M,scene_002,chips_box,11,0.005699212030767688,0.0037943243126956293,0.014079420010650063
network -> LAS2-M,scene_002,lemon,11,0.0094470809954825,0.005189136378771022,0.050140993535878725
network -> LAS2-M,scene_002,orange,11,0.021597535874342974,0.008927944782333809,0.07001335999818707
network -> LAS2-M,scene_002,rubiks_cube,11,0.03386536152870776,0.015709216396169626,0.12193022910798866
network -> LAS2-M,scene_002,scissors,11,0.005544110138455182,0.0029606104896559645,0.014108897285490031
network -> LAS2-M,scene_002,wood_block,11,0.017324423965213116,0.002175971780261361,0.008825434245053191
network -> LAS2-M,scene_004,chips_box,11,0.005887520407643576,0.0034936914893101897,0.01296387599263646
network -> LAS2-M,scene_004,scissors,11,0.005803657655743249,0.0026666749586207925,0.01270813679017303
network -> LAS2-M,scene_004,wood_block,11,0.018329153949597908,0.0029550748057049197,0.011985366089549927
network -> LAS2-M,scene_005,apple,11,0.0192852232398558,0.003618515695894955,0.026904239737575577
network -> LAS2-M,scene_005,chips_box,11,0.0030139239279829352,0.0026667101325292767,0.00989523533265455
network -> LAS2-M,scene_005,lemon,11,0.004078170679846392,0.002944191913322129,0.02844880090224845
network -> LAS2-M,scene_005,orange,11,0.010595091808615141,0.004949280648151327,0.0388124900186153
network -> LAS2-M,scene_005,rubiks_cube,11,0.021297414824226816,0.009239656260589998,0.07171544247156066
network -> LAS2-M,scene_005,scissors,11,0.008921791501508434,0.003890416215732528,0.018539920390525086
network -> LAS2-M,scene_005,wood_block,11,0.009077672197567537,0.0037977748829575958,0.015403238594864055
network -> LAS2-M,scene_006,apple,11,0.04875699907282986,0.024404406004985432,0.18145064026007132
network -> LAS2-M,scene_006,chips_box,11,0.005682877311138964,0.005741852469876079,0.021306020756338726
network -> LAS2-M,scene_006,lemon,11,0.030803089501939808,0.017071406374808678,0.16495563311642383
network -> LAS2-M,scene_006,orange,11,0.010668049134346902,0.005305372029222993,0.041604975261641745
network -> LAS2-M,scene_006,rubiks_cube,11,0.05422600869355277,0.032413437063641276,0.2515833831349354
network -> LAS2-M,scene_006,scissors,11,0.10767685487826148,0.038292065731202536,0.18248223605853323
network -> LAS2-M,scene_006,wood_block,11,0.03769551592982938,0.01770698133383212,0.07181701566982154
network -> LAS2-M,scene_009,apple,8,0.008418122431348839,0.0027910874302815025,0.02075217897714688
network -> LAS2-M,scene_009,chips_box,8,0.11333566678550105,0.07367712376087555,0.2733902231644121
network -> LAS2-M,scene_009,lemon,8,0.012944037330259308,0.006693240134621522,0.06467467528838114
network -> LAS2-M,scene_009,orange,8,0.021715960544779936,0.002606995211646688,0.0204441782198004
network -> LAS2-M,scene_009,rubiks_cube,8,0.010015687810915037,0.006020065313231896,0.04672594255346806
network -> LAS2-M,scene_009,scissors,8,0.0062769509098004935,0.002968553266795685,0.014146748879685688
network -> LAS2-M,scene_009,wood_block,8,0.004891078486511945,0.0027508708102616823,0.011157143522185123
