pair,scene,object,n_frames,origin_m,centroid_m,adds_m,adds_frac_diam,rot_deg
RealSense -> ZED,scene_001,apple,8,0.05361806389978389,0.021172662667857296,0.006427325861472258,0.04778819007051477,84.54539126719945
RealSense -> ZED,scene_001,chips_box,8,0.005915838041327745,0.0067868995071930826,0.0039628203938226175,0.014704650460350353,34.23025679360233
RealSense -> ZED,scene_001,lemon,8,0.0802899183403326,0.029931372559189182,0.017923464765963612,0.17318880549128615,51.97660872392561
RealSense -> ZED,scene_001,orange,8,0.08315208712150836,0.046423321063580214,0.02420786704662016,0.1898392241041861,52.87746454762758
RealSense -> ZED,scene_001,rubiks_cube,8,0.056305719011435953,0.03909793263422007,0.018005082628835337,0.1397500546607439,54.413096750857775
RealSense -> ZED,scene_001,scissors,8,0.0112388889265793,0.006163779619125405,0.004091246718275044,0.019496985476278723,7.500580180812165
RealSense -> ZED,scene_001,wood_block,8,0.21780406380223427,0.012897425933250094,0.0038331199554650086,0.015546593217442546,4.129269833770495
RealSense -> ZED,scene_002,apple,11,0.056630836882728186,0.014489084866572837,0.0046065346007223345,0.0342503174431079,75.58568908730103
RealSense -> ZED,scene_002,chips_box,11,0.025555654595272717,0.004957177584656039,0.002580716877659896,0.009576144223510868,31.816533456251214
RealSense -> ZED,scene_002,lemon,11,0.05926446987248029,0.011800344495594896,0.005863395474689116,0.05665614721506254,88.2122967627194
RealSense -> ZED,scene_002,orange,11,0.06657001528961835,0.026157925318429535,0.004894486279527609,0.03838279002047946,47.476547732769035
RealSense -> ZED,scene_002,rubiks_cube,11,0.040746528024788606,0.01712994698629967,0.005116415651341878,0.0397120847308416,55.2617659627
RealSense -> ZED,scene_002,scissors,11,0.007877433279210028,0.0061466480084675585,0.0027479299018737195,0.013095360186259519,3.399756767784488
RealSense -> ZED,scene_002,wood_block,11,0.21857363227721383,0.011521545163861485,0.0027332912331434725,0.011085843240021553,3.0371515541453573
RealSense -> ZED,scene_004,chips_box,11,0.01958827253718876,0.00665199782930445,0.004297331882174105,0.015945906440270084,24.1911926756204
RealSense -> ZED,scene_004,scissors,11,0.00865897153163732,0.007298098887655863,0.0031729278034791667,0.015120703189417238,5.090049824634244
RealSense -> ZED,scene_004,wood_block,11,0.04668590936267983,0.007819633043523205,0.004682044982027292,0.01898971323805493,3.492083215560935
RealSense -> ZED,scene_005,apple,11,0.0331874479218754,0.016308514566935835,0.004660979878243859,0.034655126741207576,58.688657342036706
RealSense -> ZED,scene_005,chips_box,11,0.24153969824955324,0.03312892311215551,0.003704765803592305,0.01374709948101734,52.53939956026599
RealSense -> ZED,scene_005,lemon,11,0.04985203079239228,0.019246420174468447,0.008980582860279206,0.08677654898180368,54.92908018236903
RealSense -> ZED,scene_005,orange,11,0.011271914043120196,0.008380615526120683,0.0049524575458660715,0.03883740339888395,7.237807559924027
RealSense -> ZED,scene_005,rubiks_cube,11,0.045786702558941156,0.01903567468530263,0.002939493436829767,0.022815466995634116,59.5844133105622
RealSense -> ZED,scene_005,scissors,11,0.011000420906845138,0.011703602421874282,0.005236886411459802,0.024956573224750946,5.163760412416862
RealSense -> ZED,scene_005,wood_block,11,0.007353732228090152,0.0069576916261297975,0.003909379346135881,0.015855890536478904,1.2632425900847999
RealSense -> ZED,scene_006,apple,11,0.032526085107636486,0.016606747795911515,0.006553160931640734,0.04872379383176086,39.04916853534779
RealSense -> ZED,scene_006,chips_box,11,0.031178658897494625,0.013364522451876639,0.006124686832817813,0.022726586144576986,28.19594860086298
RealSense -> ZED,scene_006,lemon,11,0.10088809329432945,0.06373051582481311,0.044049208035109096,0.4256336496347927,70.1629682078646
RealSense -> ZED,scene_006,orange,11,0.04508043367896011,0.04315301812301915,0.01987044783339398,0.15582498003767262,35.643310876693384
RealSense -> ZED,scene_006,rubiks_cube,11,0.04565063185161864,0.04875279027691977,0.02451505737686963,0.19027852740548148,45.25182353143375
RealSense -> ZED,scene_006,scissors,11,0.013233184199073439,0.011228280550863128,0.005399315735260543,0.02573063609241395,10.574777811713812
RealSense -> ZED,scene_006,wood_block,11,0.03461957455804723,0.011114475625269264,0.006707218109734244,0.02720352944447634,4.227712435643877
RealSense -> ZED,scene_009,apple,8,0.05615766839383155,0.019061173939091385,0.004511144950648531,0.033541080222724826,54.733642054522406
RealSense -> ZED,scene_009,chips_box,8,0.24507869827480316,0.029147965258731444,0.0025646817716091694,0.009516643512871006,34.595044387534074
RealSense -> ZED,scene_009,lemon,8,0.05412387788387037,0.01911553481928514,0.00976743268638634,0.09437963149201689,96.12449562490913
RealSense -> ZED,scene_009,orange,8,0.07254979476380827,0.026401004342070516,0.0043112728076761244,0.03380920273291822,68.7367548602678
RealSense -> ZED,scene_009,rubiks_cube,8,0.023810858566010496,0.005957098808536751,0.003409004272119368,0.02645966937160386,7.966202841401068
RealSense -> ZED,scene_009,scissors,8,0.006921407792764469,0.007070320318212669,0.003603244699463154,0.017171394054311957,7.663119980830494
RealSense -> ZED,scene_009,wood_block,8,0.06037299021740783,0.005506095757417708,0.003113364808048995,0.01262736798498313,3.7607126556827604
SGBM -> RealSense,scene_001,apple,8,0.052673735111224904,0.04206777253812935,0.017226390144561003,0.12808095064726582,59.46523819173643
SGBM -> RealSense,scene_001,chips_box,8,0.04452144965314879,0.03683261734158661,0.01793969212040972,0.06656796820974833,11.382265793522475
SGBM -> RealSense,scene_001,lemon,8,0.09057024205617714,0.053016681185584086,0.03032866663126089,0.2930563713320699,67.08383272449382
SGBM -> RealSense,scene_001,orange,8,0.08028168068838669,0.06551796200810382,0.033728480830314815,0.26450032209400487,82.12334297727183
SGBM -> RealSense,scene_001,rubiks_cube,8,0.06845773932371475,0.05036688293548911,0.023844458163019756,0.18507353730780296,19.760185192902785
SGBM -> RealSense,scene_001,scissors,8,0.04326146015995576,0.039406559121555364,0.023777529238373406,0.11331268294125718,9.950420875625642
SGBM -> RealSense,scene_001,wood_block,8,0.24368567018573653,0.04198549932965403,0.024125131202130928,0.09784812514991068,3.1336512717790166
SGBM -> RealSense,scene_002,apple,11,0.09417538504021995,0.01844114294640972,0.013529026325238797,0.10059046257091663,36.40112309101779
SGBM -> RealSense,scene_002,chips_box,11,0.037786572120215495,0.03857278626387217,0.018249293187881006,0.06771679026749623,35.487974247162775
SGBM -> RealSense,scene_002,lemon,11,0.041372221678660025,0.025293317239197213,0.012865736425832414,0.12431756652245976,52.57228868633247
SGBM -> RealSense,scene_002,orange,11,0.055816072204103895,0.05996683735433011,0.02648604530929012,0.20770480445140926,25.029286569657224
SGBM -> RealSense,scene_002,rubiks_cube,11,0.09966906436637774,0.06269209850601856,0.03604296742702161,0.279754709928121,89.41807700102426
SGBM -> RealSense,scene_002,scissors,11,0.22271802738405758,0.12224106402403638,0.05107673489101998,0.24340804329830867,66.5223943432468
SGBM -> RealSense,scene_002,wood_block,11,0.036866152895565836,0.03743520664749965,0.01972155953034858,0.07998786033157461,2.1292252248039443
SGBM -> RealSense,scene_004,chips_box,11,0.2661610864334331,0.03566947305137227,0.01979590661212958,0.07345573565001029,32.47258956521399
SGBM -> RealSense,scene_004,scissors,11,0.04478298112286601,0.04398981994374831,0.02545784512252279,0.12132028958166866,17.64397542747241
SGBM -> RealSense,scene_004,wood_block,11,0.049009838800527096,0.05624239397455651,0.029419518244271414,0.1193214113074454,4.353443231230284
SGBM -> RealSense,scene_005,apple,11,0.1138249660138848,0.026594500629080798,0.018760008626528494,0.13948364798850954,70.46972670977166
SGBM -> RealSense,scene_005,chips_box,11,0.042026965319688595,0.033565475495548655,0.01619101132559581,0.060079220979480305,22.96344144344638
SGBM -> RealSense,scene_005,lemon,11,0.06494835556585649,0.04756411566778238,0.025412847168209404,0.2455563532310255,61.718163210191534
SGBM -> RealSense,scene_005,orange,11,0.06605829908677617,0.05493786460025032,0.023924661098243885,0.18761830982876057,36.32013131452864
SGBM -> RealSense,scene_005,rubiks_cube,11,0.033179723739153705,0.06769823278732387,0.033843155313607584,0.26268042765847827,65.05186418950798
SGBM -> RealSense,scene_005,scissors,11,0.03538480711369631,0.0322782085249959,0.014017596169821057,0.0668013658806113,4.547049135125764
SGBM -> RealSense,scene_005,wood_block,11,0.21361760176027597,0.05796039621265299,0.029562653510983705,0.11990194773534237,84.18465722946758
SGBM -> RealSense,scene_006,apple,11,0.16454007053314285,0.15669475679811753,0.11422884383306738,0.8493096224281632,37.21757360723229
SGBM -> RealSense,scene_006,chips_box,11,0.2884842841226706,0.07615613916141367,0.04383765412712205,0.16266631259542244,14.97624859265931
SGBM -> RealSense,scene_006,lemon,11,0.16496423243534114,0.14994580557414816,0.12164874276636045,1.1754535590256465,57.527042692564166
SGBM -> RealSense,scene_006,orange,11,0.08308756981359672,0.10643941943597088,0.07738330094508153,0.6068434605057881,50.56239575988548
SGBM -> RealSense,scene_006,rubiks_cube,11,0.1288366649214033,0.1562435226475642,0.1139995084460986,0.8848300152272471,63.827938447034015
SGBM -> RealSense,scene_006,scissors,11,0.11651216994244094,0.1185554939128307,0.07496101180861632,0.35722943619884046,13.497229991776353
SGBM -> RealSense,scene_006,wood_block,11,0.11053477891403193,0.14662985712729473,0.09626264764854629,0.39042770443232816,8.383853528442387
SGBM -> RealSense,scene_009,apple,8,0.07286835449283191,0.018750400869360032,0.012686273359795901,0.09432446022980458,80.29619272546766
SGBM -> RealSense,scene_009,chips_box,8,0.22140997058250866,0.0667156763574461,0.024070486367129725,0.08931721684662208,26.022973695459683
SGBM -> RealSense,scene_009,lemon,8,0.09428818083592944,0.039465741869919205,0.02183803540626867,0.21101407097751784,66.17620617136255
SGBM -> RealSense,scene_009,orange,8,0.05396122023793213,0.05246999222881431,0.021315993304075066,0.167161015138697,50.19984478878935
SGBM -> RealSense,scene_009,rubiks_cube,8,0.07857794239975499,0.04564216326877569,0.022941834560919055,0.17806764345371792,85.62964833588258
SGBM -> RealSense,scene_009,scissors,8,0.036274545815079696,0.038958574702399766,0.020494236834780008,0.09766603322411996,12.416535140023317
SGBM -> RealSense,scene_009,wood_block,8,0.09191299774756626,0.0538388732552888,0.025405577706002186,0.10304143534204319,4.386309191806002
SGBM -> ZED,scene_001,apple,8,0.03533582818208993,0.030625192017752417,0.01226195208646837,0.09116956407271226,52.0709292492037
SGBM -> ZED,scene_001,chips_box,8,0.04269266549865444,0.04026160250031809,0.020326580851009954,0.07542488348300634,33.915744105536966
SGBM -> ZED,scene_001,lemon,8,0.038121394022924526,0.03702558920048455,0.017987125270260227,0.1738039369315555,51.979117626430416
SGBM -> ZED,scene_001,orange,8,0.037866699518867286,0.05351128048234636,0.022496791202088123,0.17642088740877165,32.17318980869943
SGBM -> ZED,scene_001,rubiks_cube,8,0.04106423816493016,0.04146143055496026,0.016076909516547486,0.12478415289886821,68.90354798006754
SGBM -> ZED,scene_001,scissors,8,0.03810004332119282,0.036224150915724576,0.021395948372407856,0.10196317244928396,12.0334907356354
SGBM -> ZED,scene_001,wood_block,8,0.04302362356106552,0.04317459812648746,0.022088489837172254,0.08958779539276684,2.2879041114260144
SGBM -> ZED,scene_002,apple,11,0.049197481683895754,0.021278573198921055,0.0105654925585758,0.0785561176545318,66.62283589957222
SGBM -> ZED,scene_002,chips_box,11,0.046580972504616104,0.03650051166269699,0.01803517787656194,0.06692228269504506,6.917561543372383
SGBM -> ZED,scene_002,lemon,11,0.054638041409786314,0.021362230886818503,0.012296017104180561,0.1188125478181766,76.8873651116313
SGBM -> ZED,scene_002,orange,11,0.05812518904741608,0.03511026816519904,0.020777709531290222,0.16293976864983642,59.35382541951279
SGBM -> ZED,scene_002,rubiks_cube,11,0.09781172847182966,0.048411051907467154,0.03276192396312141,0.254288233995931,72.75709952737473
SGBM -> ZED,scene_002,scissors,11,0.22802266981713426,0.12648501749835214,0.049277789012511515,0.2348351010923987,65.93979968320167
SGBM -> ZED,scene_002,wood_block,11,0.19657843901229988,0.043400043069649306,0.0179528414926068,0.0728141897528805,86.40186555927487
SGBM -> ZED,scene_004,chips_box,11,0.2667212455200883,0.03165293394671079,0.017648457295368323,0.06548729690029642,76.66501480323704
SGBM -> ZED,scene_004,scissors,11,0.04945076559457624,0.04814698000675511,0.027540445272334926,0.13124499656460584,20.16296469771825
SGBM -> ZED,scene_004,wood_block,11,0.03202347714522577,0.04945744360965044,0.02585702760178514,0.10487245236455714,5.656932725980817
SGBM -> ZED,scene_005,apple,11,0.11065340538476919,0.019847373508097073,0.016458616758919253,0.12237243340776081,27.07260532169986
SGBM -> ZED,scene_005,chips_box,11,0.2614508592468779,0.030533360404640622,0.014980236457313046,0.05558645586400137,60.36751277706667
SGBM -> ZED,scene_005,lemon,11,0.08425997761243607,0.03518841397790267,0.019530182425607074,0.18871401313773564,66.01233733569427
SGBM -> ZED,scene_005,orange,11,0.0689502806734727,0.04766408051904511,0.019086360935149708,0.14967613395774784,33.0041458487135
SGBM -> ZED,scene_005,rubiks_cube,11,0.027838557171051114,0.06284055313277752,0.03205525205906276,0.24880325848900117,60.12275471023485
SGBM -> ZED,scene_005,scissors,11,0.039986399552996627,0.03683259178798646,0.015040080783962817,0.07167405360745792,7.166275086345789
SGBM -> ZED,scene_005,wood_block,11,0.2085806774045377,0.05510198594265081,0.027502728413735814,0.11154718244821513,85.11051197936756
SGBM -> ZED,scene_006,apple,11,0.191599697651996,0.1450415642415089,0.10950904304313819,0.8142171528528869,83.816126757903
SGBM -> ZED,scene_006,chips_box,11,0.2720759515312459,0.06906308232062203,0.038420599284543534,0.14256550305360324,44.040286077431205
SGBM -> ZED,scene_006,lemon,11,0.14370790419415166,0.11605259507683957,0.09207954887504041,0.8897357340266119,55.498041455685026
SGBM -> ZED,scene_006,orange,11,0.06892793287456174,0.07027658548412348,0.046874739269904084,0.3675938948254849,46.9385889554313
SGBM -> ZED,scene_006,rubiks_cube,11,0.13802544114878162,0.13258668529709222,0.09790321157655665,0.7598953835054512,31.832933778858422
SGBM -> ZED,scene_006,scissors,11,0.11924332822039498,0.1203038139575947,0.07671278515855101,0.3655775759990745,7.612944615525089
SGBM -> ZED,scene_006,wood_block,11,0.13946055229733195,0.13946756154065812,0.09070842454162285,0.36790055989067416,5.571338011039869
SGBM -> ZED,scene_009,apple,8,0.0977927320502518,0.0106721860867466,0.011119771415120026,0.082677269113085,75.30827241601969
SGBM -> ZED,scene_009,chips_box,8,0.0406941414988345,0.04551175309310517,0.023237268193732473,0.08622543352580408,8.991281742032692
SGBM -> ZED,scene_009,lemon,8,0.07605045773726352,0.03149022800326068,0.016349982523889372,0.15798474123669629,76.86754508543757
SGBM -> ZED,scene_009,orange,8,0.06581438116495796,0.026870228342729764,0.017306050311478555,0.13571485489043908,50.597767918438166
SGBM -> ZED,scene_009,rubiks_cube,8,0.05938171176833197,0.04626268410731274,0.022991320192899154,0.1784517360967067,88.45127881603959
SGBM -> ZED,scene_009,scissors,8,0.041600432449357114,0.04255262920254474,0.021791433092192312,0.10384786930789304,7.017528694479677
SGBM -> ZED,scene_009,wood_block,8,0.04959838165710374,0.05057135709212055,0.023189610871787312,0.09405378680634707,3.1642145785981692
network -> RealSense,scene_001,apple,8,0.04732390763888408,0.044543697580855544,0.014760620908962319,0.10974756419067401,39.41758595894838
network -> RealSense,scene_001,chips_box,8,0.031113080230024272,0.03515388889312919,0.01737362758644236,0.06446749928035489,30.881115769852123
network -> RealSense,scene_001,lemon,8,0.04365266267582814,0.04238292477453569,0.021902983069943302,0.21164163983421672,33.79785060003732
network -> RealSense,scene_001,orange,8,0.0791303782450558,0.06624119938196305,0.037001393595840246,0.2901666568756469,96.50944166900761
network -> RealSense,scene_001,rubiks_cube,8,0.05924015075157944,0.03090661487694376,0.014673319497079855,0.11388990786898222,66.18958443801506
network -> RealSense,scene_001,scissors,8,0.1952917460557994,0.09031353923614786,0.032633152742854964,0.15551447978695454,61.4072380115091
network -> RealSense,scene_001,wood_block,8,0.24196592085801638,0.042628498544047946,0.02447335846694652,0.09926048575855588,3.4549211274642038
network -> RealSense,scene_002,apple,11,0.06459474542055278,0.026343899123525426,0.01336557517900917,0.0993751773011768,74.45806655049606
network -> RealSense,scene_002,chips_box,11,0.04259226681742168,0.03613004986536912,0.017640237354393733,0.06545679555357264,20.26267074314383
network -> RealSense,scene_002,lemon,11,0.04317483066082542,0.02516765056719122,0.012020313704599456,0.11614851254001919,32.372030363494154
network -> RealSense,scene_002,orange,11,0.027277759125578824,0.053353237481994054,0.02195894471303211,0.17220307011933766,51.274126964546646
network -> RealSense,scene_002,rubiks_cube,11,0.025592801334875636,0.026463265658028833,0.012253822838223287,0.09511050000416175,3.227102030386875
network -> RealSense,scene_002,scissors,11,0.22467954659539682,0.12390693595856293,0.051242608229743906,0.24419851874471876,67.67919189552093
network -> RealSense,scene_002,wood_block,11,0.23827423622890462,0.03184685007078187,0.01896307445745128,0.07691155199089132,4.14855732735156
network -> RealSense,scene_004,chips_box,11,0.26434426144015716,0.02921547656516835,0.016339042372113855,0.060628512791877594,16.78306483937458
network -> RealSense,scene_004,scissors,11,0.029445539700945034,0.031009483945144592,0.01633864612826902,0.07786241412476534,4.725295146843741
network -> RealSense,scene_004,wood_block,11,0.07588153403223008,0.047392075599884835,0.02523793880249824,0.10236151562377865,5.548257984682053
network -> RealSense,scene_005,apple,11,0.04243983132987142,0.04485276729542257,0.027417331764333083,0.2038522224980496,32.609689523595875
network -> RealSense,scene_005,chips_box,11,0.2319077904567793,0.05097891415915265,0.01606655901991956,0.059617421687035294,7.3096909414285145
network -> RealSense,scene_005,lemon,11,0.04647427969633673,0.035401400022986196,0.016971224914832952,0.16398761116240315,43.43367468730872
network -> RealSense,scene_005,orange,11,0.043002467998456584,0.05537609179974513,0.024904262483932446,0.19530038965150417,44.88982713476448
network -> RealSense,scene_005,rubiks_cube,11,0.01860513142044157,0.0658290378925426,0.032727785376928026,0.2540232605223338,61.03065631041978
network -> RealSense,scene_005,scissors,11,0.03568422194517489,0.03130729310305806,0.012259938881084799,0.05842518595538429,13.011044107339314
network -> RealSense,scene_005,wood_block,11,0.06690418246635743,0.0475152302453576,0.026391777474546928,0.10704132232988493,6.394349733616835
network -> RealSense,scene_006,apple,11,0.1419334918737523,0.14248364277522904,0.09974547202414673,0.7416234493938162,51.0378573442375
network -> RealSense,scene_006,chips_box,11,0.09919015573223676,0.08043318885069489,0.044964651583105926,0.16684820882412363,35.220538322380335
network -> RealSense,scene_006,lemon,11,0.12654422840896917,0.1451555448869314,0.11706324242003725,1.1311453107081848,82.63793386254915
network -> RealSense,scene_006,orange,11,0.06735160231096389,0.09005093870784772,0.060906623177156144,0.4776325838410321,53.40966901489283
network -> RealSense,scene_006,rubiks_cube,11,0.13186620256900672,0.15387375979307671,0.1117331440031967,0.8672391737240002,14.188170099211543
network -> RealSense,scene_006,scissors,11,0.21768023843438575,0.2115183916765918,0.1612270483646127,0.7683333802155746,43.383435559424704
network -> RealSense,scene_006,wood_block,11,0.09895891878563591,0.12689805509280438,0.07740356821372453,0.31393794156680843,7.622078635960738
network -> RealSense,scene_009,apple,8,0.091362308487639,0.021637384575307502,0.01291203996483835,0.09600307084732694,59.95008469546757
network -> RealSense,scene_009,chips_box,8,0.22410088114104115,0.06289455734943838,0.022508694694459822,0.08352195025460181,25.196686795935108
network -> RealSense,scene_009,lemon,8,0.023477736422798424,0.026327385987316626,0.013261760680979838,0.12814422440307247,38.27042588347679
network -> RealSense,scene_009,orange,8,0.029963383689115743,0.04256468797992209,0.017285347237322137,0.13555250041588512,62.20741189061026
network -> RealSense,scene_009,rubiks_cube,8,0.02197782514387992,0.030403386797766028,0.015225787062329424,0.1181779955180923,8.140783411445822
network -> RealSense,scene_009,scissors,8,0.03438307660081483,0.03744527491447249,0.019164444375382218,0.09132885875074208,10.314033409900555
network -> RealSense,scene_009,wood_block,8,0.08808425704629058,0.05137331368096158,0.024085481729886914,0.09768731248987765,4.510073508555452
network -> SGBM,scene_001,apple,8,0.08318232569641935,0.02477212069330336,0.006185720752792734,0.04599181765927689,62.22274178892942
network -> SGBM,scene_001,chips_box,8,0.025740286210949558,0.003024684199830611,0.0021678615727699427,0.008044181543957776,28.60451410486698
network -> SGBM,scene_001,lemon,8,0.06879652994774116,0.014047912851323603,0.008309234173188624,0.08028951766818421,53.773281147632005
network -> SGBM,scene_001,orange,8,0.05029330591580347,0.02121675483026704,0.006895807243709428,0.054077242501238715,83.08803500156786
network -> SGBM,scene_001,rubiks_cube,8,0.043640095888092756,0.028664762734657886,0.013688223829954951,0.10624389056571854,76.63880551918223
network -> SGBM,scene_001,scissors,8,0.1857615540505844,0.0778753881722869,0.01989650285882427,0.09481751015758612,59.18098654356835
network -> SGBM,scene_001,wood_block,8,0.0037374373380442113,0.0025759700406392926,0.0015306939955985247,0.006208278678058002,1.1055143325783607
network -> SGBM,scene_002,apple,11,0.07724285778503805,0.01777732776598204,0.0034273301814520887,0.025482745028914264,41.84825103960713
network -> SGBM,scene_002,chips_box,11,0.014717269988487595,0.003972875129027859,0.0022312209866126665,0.008279286328262981,15.371089838498555
network -> SGBM,scene_002,lemon,11,0.024045312908616435,0.004009644162873006,0.003447393330888868,0.033311078010377665,62.89520308034691
network -> SGBM,scene_002,orange,11,0.06008768363678702,0.016293111072995217,0.003382352781672665,0.026524568500099356,76.86876353985048
network -> SGBM,scene_002,rubiks_cube,11,0.08826253072762086,0.044448844336990805,0.01877539574771936,0.14572899420182245,89.81717148967677
network -> SGBM,scene_002,scissors,11,0.008236169834498916,0.007173824627912654,0.0031650699894979067,0.01508325649025251,5.3721396387629925
network -> SGBM,scene_002,wood_block,11,0.21624103016865973,0.017755913072864424,0.001916710613748457,0.007773907567128815,85.43664531545072
network -> SGBM,scene_004,chips_box,11,0.0056247053074749455,0.008538777581858828,0.004698900039137436,0.017435986433135185,15.97075448733638
network -> SGBM,scene_004,scissors,11,0.018960597821605436,0.016377215389862355,0.0076337324268608365,0.036378830343200504,19.352838739964117
network -> SGBM,scene_004,wood_block,11,0.056889605076294196,0.010503201955977788,0.006286010708051002,0.025495171707116963,3.5301947510822598
network -> SGBM,scene_005,apple,11,0.07321230701146626,0.018586350208379954,0.0029585395776151368,0.021997212326469326,48.67741618088685
network -> SGBM,scene_005,chips_box,11,0.24787583335351818,0.025754794042757802,0.0024033012448525675,0.008917816414685524,69.31781328365977
network -> SGBM,scene_005,lemon,11,0.06752930284469866,0.01963044757062837,0.010096189754032082,0.09755630768637116,91.1899603372714
network -> SGBM,scene_005,orange,11,0.03011920046695696,0.013975019723024902,0.0031612317805416973,0.024790527280895595,74.65500934459996
network -> SGBM,scene_005,rubiks_cube,11,0.018015656291701772,0.0042169338041791946,0.002486847273417653,0.019302163147891058,8.322864754454208
network -> SGBM,scene_005,scissors,11,0.013018609816394548,0.009817715483005156,0.005037102936035782,0.024004497784923917,10.895240846000108
network -> SGBM,scene_005,wood_block,11,0.20961610322167432,0.026333366705701345,0.0067786960250291245,0.02749343377463851,82.79623444998487
network -> SGBM,scene_006,apple,11,0.07548155284404257,0.03811056811146656,0.014895651111362389,0.11075153522258252,45.0392819222488
network -> SGBM,scene_006,chips_box,11,0.24931025304614166,0.02527770973929611,0.004377033025380921,0.016241649707861388,34.74904837344558
network -> SGBM,scene_006,lemon,11,0.044636376828917426,0.021547488841018887,0.011074073653139414,0.10700529238921552,58.87405333126551
network -> SGBM,scene_006,orange,11,0.022737087284157877,0.021316159998171377,0.00970768067148561,0.07612808526157752,37.460914464365366
network -> SGBM,scene_006,rubiks_cube,11,0.04781942504285654,0.025187457396491964,0.00784328152688727,0.060877200327127866,51.00267325552629
network -> SGBM,scene_006,scissors,11,0.11101923444065576,0.09357502943187818,0.06139090552134636,0.29256059967704495,47.683441239236465
network -> SGBM,scene_006,wood_block,11,0.04075733117128826,0.04036291521611882,0.01726892561929733,0.07004032355489336,5.9360059995728935
network -> SGBM,scene_009,apple,8,0.037287747143939516,0.007056142981632092,0.002791393570257557,0.02075445517656157,42.37297894281774
network -> SGBM,scene_009,chips_box,8,0.007743343979069546,0.005936811269574616,0.002907228549757555,0.010787715663111043,2.5459257241709703
network -> SGBM,scene_009,lemon,8,0.08135852440708602,0.02384175576330274,0.013541566515528881,0.13084790022065573,60.681767879973634
network -> SGBM,scene_009,orange,8,0.06496090454479986,0.021924654136193853,0.0032264915227452687,0.02530229722747149,73.0155647115637
network -> SGBM,scene_009,rubiks_cube,8,0.05988597984334265,0.02121406462712039,0.00937573189854825,0.07277162078713284,42.55957113348202
network -> SGBM,scene_009,scissors,8,0.006308635926593462,0.004323653905062735,0.002536566992151852,0.012088102529891943,5.121432371660522
network -> SGBM,scene_009,wood_block,8,0.004910558174456533,0.004452006589687054,0.0027351192671112756,0.011093257487635844,1.5256624679230346
network -> ZED,scene_001,apple,8,0.06707326421578191,0.03600710711930045,0.00917769889731839,0.06823765104925636,33.53953070395119
network -> ZED,scene_001,chips_box,8,0.029299336435531776,0.038733151761959767,0.019860743510446078,0.07369632286616663,25.54762920097504
network -> ZED,scene_001,lemon,8,0.05607377232994177,0.03447305705621402,0.016728103547076136,0.16163840581505484,38.65069482663273
network -> ZED,scene_001,orange,8,0.05034007788358327,0.06199692643640474,0.029396267486058662,0.23052690269511514,86.19773710149109
network -> ZED,scene_001,rubiks_cube,8,0.04355036398441954,0.03300464542116312,0.015492455965041561,0.12024779961166854,26.633045185591747
network -> ZED,scene_001,scissors,8,0.1959767225238523,0.09178808518151596,0.03556525124462422,0.1694875021541113,63.44572017894717
network -> ZED,scene_001,wood_block,8,0.044017647525298347,0.043161168227705375,0.022436862502149976,0.09100074572393592,2.614263618734947
network -> ZED,scene_002,apple,11,0.06855000004307266,0.03323966571559501,0.009759841762847585,0.07256597584648873,76.95630290507052
network -> ZED,scene_002,chips_box,11,0.0445439853508831,0.034286003710359274,0.01744758188309802,0.06474191799588833,13.083112548760317
network -> ZED,scene_002,lemon,11,0.03467789144838096,0.01951472433258195,0.01062805376379798,0.10269554241235354,36.20923811987379
network -> ZED,scene_002,orange,11,0.0502865624295787,0.02931910804086115,0.017348426435628245,0.13604717043536615,50.39849673796432
network -> ZED,scene_002,rubiks_cube,11,0.05799209645863535,0.01583799428060704,0.011245453706267597,0.08728384104268995,55.193435354565274
network -> ZED,scene_002,scissors,11,0.2300135592606423,0.1281930003025652,0.04941220475581192,0.23547566422030905,66.97615359970494
network -> ZED,scene_002,wood_block,11,0.033462492364333754,0.033241805056705036,0.017555784152974905,0.07120378125667466,1.8007038936193296
network -> ZED,scene_004,chips_box,11,0.2651838685077794,0.025765117394769586,0.014273693554613715,0.052964720486937476,67.51577023728211
network -> ZED,scene_004,scissors,11,0.03442283619451748,0.03563772159843728,0.01805395057120002,0.08603676001836193,3.840116935530944
network -> ZED,scene_004,wood_block,11,0.03697754630952013,0.040567718012242945,0.021571297130244003,0.08749013481259695,5.2197577298820645
network -> ZED,scene_005,apple,11,0.04415860921576728,0.036512806848095165,0.022092452395679012,0.16426089744991915,56.76638826757806
network -> ZED,scene_005,chips_box,11,0.03944481103578254,0.0265785080614074,0.014337247853844142,0.05320054842324586,39.436421676462025
network -> ZED,scene_005,lemon,11,0.022731983676949008,0.019868842192533837,0.010193371405855316,0.0984953434372544,28.44893038294742
network -> ZED,scene_005,orange,11,0.04795464688998333,0.048151450703461315,0.020146031639320324,0.15798612111598334,47.4564307470077
network -> ZED,scene_005,rubiks_cube,11,0.04008203440483398,0.061130469015653284,0.031011230401710013,0.2406998753116098,67.44247212757665
network -> ZED,scene_005,scissors,11,0.04251218539529808,0.038027341784202945,0.01498569910418228,0.07141489572873096,15.087629759003278
network -> ZED,scene_005,wood_block,11,0.06752239211924516,0.042590142591568896,0.023696675348390185,0.09611036871464897,6.722157083840307
network -> ZED,scene_006,apple,11,0.1614927926139068,0.13037614932744315,0.09469452603180546,0.70406886256871,71.93006307483239
network -> ZED,scene_006,chips_box,11,0.06965662623640004,0.07023083581464709,0.03878722577004852,0.14392592663658002,10.712514678161021
network -> ZED,scene_006,lemon,11,0.11302261550552858,0.11556521241793397,0.09160304956999328,0.8851314710375022,40.752867736966444
network -> ZED,scene_006,orange,11,0.06134405748166052,0.06123886988299434,0.03851828962292928,0.30206222637273367,57.70089802116701
network -> ZED,scene_006,rubiks_cube,11,0.13276013308385293,0.12986751210474984,0.09606040048367234,0.7455920361524339,71.03828707023841
network -> ZED,scene_006,scissors,11,0.2200336778151926,0.2132802651410863,0.1627915685128053,0.7757891580522916,45.806789042574295
network -> ZED,scene_006,wood_block,11,0.12968707770409713,0.12019686506621592,0.07119532947240269,0.28875820197361074,7.303101235897895
network -> ZED,scene_009,apple,8,0.09471056149585438,0.007666842860213105,0.011539616032955505,0.08579888062456494,99.12783581311538
network -> ZED,scene_009,chips_box,8,0.038918255192631396,0.04192968003344189,0.021701654733181155,0.08052730518902262,10.19230128755635
network -> ZED,scene_009,lemon,8,0.05616184145905291,0.030643077334593823,0.015600116526215978,0.15073902183415058,58.43541618006918
network -> ZED,scene_009,orange,8,0.0997317530352771,0.022638799345256908,0.014507619930631883,0.1137694331320324,84.82994594265483
network -> ZED,scene_009,rubiks_cube,8,0.013340080587399645,0.02996170205865219,0.014623936958057582,0.11350661540263182,8.540872010704323
network -> ZED,scene_009,scissors,8,0.03946206912940576,0.04091697037731977,0.020499123670847712,0.09768932161966243,5.948332044155713
network -> ZED,scene_009,wood_block,8,0.04695649468299242,0.04828327379430652,0.021924872591316088,0.08892418694997406,3.20005101718696
