AbsRel,RMSE,MAE,MedianAE,SILog,delta1,n_pixels,image_id,within_ci90_pct,within_ci95_pct,within_ci99_pct,within_ci999_pct
0.0138769325642642,0.015451104319275625,0.01028424539733951,0.006624109976923975,0.020605471808352874,0.9998710509348807,131835,0,77.90268138203056,93.49945007016346,99.97800280653848,100.0
0.017961356300699657,0.018272677575694632,0.012454630247139404,0.00770973103165673,0.02699716856316758,0.9998165712582447,130841,1,69.25505002254646,87.87688874282526,99.95261424171322,100.0
0.01574204248305114,0.020333244166663107,0.011102917413348677,0.006945224027810948,0.027945389780666012,0.9985717184646363,128126,2,74.50088194433604,91.95323353573825,99.76819693114591,100.0
0.015104058595772985,0.01998318773377187,0.010433399728743561,0.007006890699792878,0.02856062049087521,0.9982959830536297,127933,3,76.8863389430405,93.0205654522289,99.69437127246293,100.0
0.018365014994432827,0.021950007215231757,0.012141535522830513,0.0064967309384776906,0.03766881038826891,0.988245178479518,132116,4,74.70177722607406,90.31835659571892,98.66480971267674,100.0
0.013562446523453023,0.017472551080039436,0.010087327291594266,0.006371021577491476,0.021440467814626905,0.9997648040666136,131805,5,79.18515989529988,95.15041159288342,99.93626948901787,100.0
0.014716057210286808,0.01733034288160112,0.010900677847846794,0.0064427551579544495,0.02270939428732697,0.999901695376658,132242,6,75.7028780568957,91.72880022988159,99.97202099181803,100.0
0.013722695843936681,0.01854300925569429,0.010104678560011102,0.005766695484300088,0.025267540775174582,0.9979685817493108,130943,7,79.3879779751495,93.7690445461002,99.76172838563345,100.0
0.028275928488464212,0.027942818634445712,0.021037142368500183,0.018174620301087296,0.030771998930028095,0.99719074746463,127792,8,35.93495680480781,76.09083510704896,99.50388130712408,100.0
0.011142678498617059,0.012499842087858695,0.008176059589622286,0.005557031752488895,0.01699845272145862,1.0,133498,9,84.59976928493312,96.84564562764986,100.0,100.0
0.01234904661719764,0.015605708735506004,0.0092242290647224,0.005637767934335791,0.02062771538711442,0.9993231432927963,134445,10,83.72643088251701,94.30547807653687,99.92041355201012,100.0
0.01281422621879355,0.015250124776764053,0.009994496710380883,0.006441525930872882,0.018406921843234114,1.0,133658,11,82.218797228748,94.74330006434333,100.0,100.0
0.014634012004208797,0.021080469220892833,0.011392193731836383,0.006289230789101818,0.024481880165631926,0.9985306814911311,132034,12,76.3129193995486,92.89198236817789,99.7902055531151,100.0
0.029175440187071924,0.04401058881992452,0.01784722016416261,0.009277136470914604,0.07270945434376197,0.9805626640827515,120747,13,64.34528394080185,84.41203508161693,97.92707065185886,100.0
0.01332267669739897,0.01565144263865686,0.010221376927830482,0.006465610232666674,0.01938075262007324,0.9999106650983428,134326,14,78.49336688355196,94.50367017554309,99.95756592171284,100.0
0.01721179417112312,0.020545344346566914,0.012656191585844556,0.008872956663059844,0.0274125351861463,0.9976824139730485,130308,15,67.29901464223225,93.28667464775762,99.69456978850108,100.0
0.014237335966447849,0.017688995710436344,0.010079402084316147,0.005594835337167536,0.025931897931723447,0.9992075043244355,131231,16,80.4611715219727,92.76771494540162,99.87960161852001,100.0
0.011558325973113424,0.01643936181451652,0.009270632676830001,0.004824285211658341,0.018247583944179805,1.0,134370,17,84.64166108506363,95.13135372478976,99.99404629009452,100.0
0.01273472750058359,0.018573862332082976,0.009297697367774152,0.006067370145131035,0.026239340496614902,0.997216806208663,130785,18,84.20002293841037,96.51489085139733,99.62763313835684,100.0
0.01466372214913005,0.021221383256669397,0.010419553422500253,0.0065421187066502795,0.030614509721959178,0.9981591169923515,129829,19,78.25909465527732,93.27114897287971,99.791263893275,100.0
0.011442902829737847,0.016510646529527738,0.008734331718460367,0.006125314173143215,0.01921495803832084,0.9998730822352458,133945,20,85.83299115308523,97.28918585986786,99.9790958975699,100.0
0.013401850955428122,0.017690327501052042,0.009417017167785311,0.006130838915655579,0.023090793296302425,0.9992217316470853,133630,21,80.16613035994912,93.98638030382399,99.90346479084037,100.0
0.034413052084781695,0.03689289306214207,0.019092237268795127,0.00744608450953721,0.06723198255790275,0.9616498806718401,133246,22,73.21120333818652,86.01684103087523,92.71572880236555,100.0
0.01757806644893922,0.020709683659887738,0.011940318097382947,0.007180442336713333,0.029900384505840007,0.9964098717045837,130636,23,71.42747787746103,88.36920910009492,99.51008910254447,100.0
0.01632288504348889,0.019770257903258072,0.011192334664484495,0.006025613703166677,0.030587204035149963,0.9990668201897968,132879,24,80.00511743766886,92.59852948923456,99.41902031171216,100.0
0.014174467605047572,0.016940737342116253,0.009962871697069671,0.006003162518332439,0.02409924274460081,0.9993422260294927,130744,25,80.51765281772012,92.26886128617757,99.70629627363398,100.0
0.03302953925577548,0.039712880764575346,0.018589380415272732,0.007401519260314293,0.06586280556422804,0.9661056047854654,125714,26,69.41152138982135,83.81484957920358,94.31805526830743,99.98886361105366
0.017798606071144654,0.028078475284019005,0.012463500780942249,0.006937029316631316,0.04188631844979875,0.994185159305753,124509,27,73.46858460031001,90.86572055032165,99.39924021556675,100.0
0.030025579033356727,0.04797973192137053,0.016478039737764936,0.006602786385865311,0.08359089136884294,0.9691440054451755,123412,28,77.25504813146209,92.42132045506109,96.77016821702914,100.0
0.015283629141879081,0.028524309923511487,0.011279940122214943,0.005779968314200468,0.04299311595145359,0.994301144607448,124060,29,80.15315170078993,93.68531355795582,99.36804771884572,100.0
0.02035393559849319,0.024353914956196904,0.013068865515664186,0.007414242142238736,0.0390179917729054,0.9948997398312076,126072,30,69.9497112760962,86.40538739767752,99.3955834761089,100.0
0.01735109359638758,0.020849106693819796,0.01195147144227669,0.00657759528305546,0.030502970802327358,0.999131877756096,130166,31,75.10870734293134,89.73541477805263,99.74570932501575,100.0
0.014690235682266456,0.02653486109897968,0.010981740209732025,0.005791497228871456,0.039612133044336646,0.9937940343715019,121496,32,82.69078817409627,95.19572660828341,99.30532692434319,100.0
0.015859603393260646,0.02325270614232177,0.011482135708006047,0.006259963956550929,0.0337540194575343,0.9948902650324071,124664,33,78.22065712635565,92.60893281139704,99.37431816723353,100.0
0.01293635457799994,0.014993628434623808,0.009401373744827104,0.0058947191249910935,0.02078933784070074,0.9999628953500452,134754,34,81.58570432046544,94.57158971162266,99.9866423260163,100.0
0.012542953671813902,0.01883739747229127,0.009545694678661058,0.0056524745937649445,0.022536551053282415,0.9985474212864593,129425,35,81.21692099671624,95.52791191809928,99.8470156461271,100.0
0.014510347395167652,0.02664343034724498,0.010779002511439621,0.005169716193906604,0.03362109594605718,0.994286196370776,130386,36,81.6061540349424,94.73256331201203,99.33428435568236,100.0
0.015790518556186274,0.029375161465965763,0.011391418458811938,0.005991723037812757,0.04238635392781078,0.9966068595142195,122895,37,76.34891574107978,92.20554131575736,99.52154278042231,100.0
0.021235212461424718,0.026662975290715173,0.014250174104158297,0.0075049463814944595,0.03888583604676068,0.9971823004391833,127054,38,71.73327876336046,87.31248130716074,99.29557510979583,100.0
0.02230455895888328,0.030085946778572455,0.015433412882299463,0.007536769773250018,0.0393624925688103,0.9972952354532214,129771,39,71.09831934715768,85.91827141657227,99.62857649243668,100.0
0.01875501858963862,0.02198635233126907,0.012655204158671008,0.007170160380977508,0.0329995174455383,0.9969255190275284,119695,40,73.43080329169975,88.50411462467103,99.4803458791094,100.0
0.01463129615563029,0.016460322877319262,0.010095888225892975,0.006054900302350008,0.02329999786371386,0.9995881111217352,135959,41,78.89657911576285,90.1779212850933,99.94777837436285,100.0
0.014246248853362647,0.015849458462348615,0.010377521157139219,0.006383301979211886,0.021200246080969046,1.0,134566,42,78.85349939806488,91.88205044364847,100.0,100.0
0.017478442008298428,0.020851086843718215,0.012053680802390214,0.007041022503748967,0.02927880475208539,0.9991486946651532,130388,43,74.22002024726201,88.15458477774028,99.89186121422216,100.0
0.015597912866578429,0.021360469851440803,0.011459181131742742,0.006904652409396139,0.02643799445186548,0.9991927868652716,131316,44,74.21563252002802,91.42526424807335,99.90480977184805,99.99390782539828
0.014628878422060298,0.01734618849332835,0.01041624665438497,0.006654484328102006,0.02339658237112814,0.999752913232692,125462,45,77.35649041143931,93.32148379589039,99.97449426918111,100.0
0.016932716607568742,0.02495855038753541,0.010732589528477452,0.008043920523572945,0.03420933250394049,0.9979507043951363,124433,46,64.98115451688861,94.17919683685196,99.78542669549074,99.99839270932952
0.027015757234899497,0.0408536179115707,0.01539510641669901,0.006716338886765261,0.06889134292945166,0.9821077467558003,127150,47,73.41486433346441,89.37082186394024,98.15965395202517,100.0
0.028017025188222733,0.02804734716547189,0.018859461226472238,0.01775460968540199,0.03815228633014762,0.9903637339498782,121105,48,37.91172949093762,80.19074356962966,99.00169274596425,100.0
0.03190516760809681,0.056025187063731156,0.017631970539548073,0.009536780623448093,0.08618613831871048,0.9833225764812186,116205,49,55.80224603072157,90.9177746224345,98.27546146895573,99.9741835549245
0.02388193436587372,0.023010551153278932,0.01493304618862396,0.0115347845947128,0.03373241633137129,0.9933549850071849,120391,50,48.214567534118,84.08435846533379,99.27320148516085,100.0
0.021267645337132497,0.02632664133564938,0.014000649104099615,0.006642805900699822,0.042010925327496805,0.9946056817998288,123834,51,73.94657363890369,87.01729734967779,99.30148424503771,100.0
0.024663064246275693,0.0270157375137122,0.016282292639180365,0.010855984899752591,0.0410587248452804,0.9969050193534232,127626,52,58.70355570181624,84.66535032046761,99.64270603168633,100.0
0.01908097634814074,0.023830266272998318,0.013044758650640479,0.006985946335421822,0.03695098426297583,0.9980323993062846,128583,53,73.9786752525606,88.6050255477007,99.71224811989143,100.0
0.02056731929739353,0.024935008369608866,0.01419918499975388,0.008543430534294183,0.03525219602096982,0.997570472390269,124304,54,67.5247779637019,86.44532758398765,99.70314712318188,100.0
0.01733242680774237,0.02593331895761812,0.012230596739047117,0.006770606382093813,0.03471825638697266,0.995812603981643,124421,55,74.11771324776365,91.17030083346059,99.46150569437636,100.0
0.01611882149059629,0.02383849205097938,0.01182462248956266,0.00569674341793136,0.031186234091732556,0.9966317918400684,128555,56,77.20042005367353,91.54758663607016,99.56750029170394,100.0
0.031069853151944982,0.038967406611595805,0.018920446754194485,0.007387290367008914,0.07322864318587542,0.9793318937637447,100493,57,69.34413342222841,83.0794184669579,96.9410804732668,100.0
0.016921715203255906,0.025822825310061467,0.012221102942949329,0.006591722192107241,0.03371322912129658,0.9970241765107236,121647,58,74.28789859182717,91.60275222570223,99.5560926286715,100.0
0.020431161044824595,0.031984826744622594,0.01519268712744763,0.006074550512425891,0.04108313887623433,0.9938673182806277,126046,59,72.61158624629104,85.90990590736716,99.12095584151818,100.0
0.017040888952251552,0.014517889319407978,0.008604665229205133,0.005526906289507888,0.026178498984028933,0.9979331805796383,129184,60,74.73680951201386,88.52799108248699,99.73216497399059,100.0
0.01707348948398391,0.01386804286188557,0.008286632107124124,0.005224265500212127,0.027978540302217997,0.9988056742659366,123082,61,72.22339578492387,89.92622804309323,99.79444597910336,100.0
0.025737300181754488,0.024890433016119564,0.012529618742734724,0.009083457648890458,0.04773787593578291,0.9927563360293925,114859,62,45.325137777623,88.30653235706389,99.23297260118929,100.0
0.022792920401936475,0.03323330122305519,0.01099508819878282,0.005918170932295297,0.06496261127343599,0.9920047485857668,111191,63,68.09813743918123,89.93173907960177,99.13841947639646,99.99910064663507
0.0256005660524472,0.02553197046488532,0.012087496640977332,0.009108701130608576,0.049068423367710966,0.990071841947715,120264,64,47.51546597485532,89.21788731457461,98.9589569613517,100.0
0.023855203391974014,0.02196849385594517,0.010391654610826298,0.006198698591091151,0.05389943847931818,0.982004973171051,106974,65,69.70198365958083,91.29788546749677,98.05466748929646,100.0
0.02169492441185662,0.017807850328106965,0.010147924129804729,0.005192309628177322,0.03762556887631565,0.9971303256102134,122662,66,71.86822324762355,86.14322283999934,99.59563679053008,100.0
0.022172142857741994,0.01643520892003328,0.01073328719056845,0.009186663610203372,0.03050819484546482,0.9961398026453214,119683,67,49.98621358087615,92.70238881044092,99.51538647928277,100.0
0.02612242257693046,0.02127707675367123,0.012650373893480251,0.009335614399059639,0.03757028337099666,0.9973654972729109,118808,68,46.50528583933742,88.19523937781968,98.96303279240455,100.0
0.02380964574424147,0.0169755037368093,0.011384625939240006,0.007426544826024228,0.033690770008465654,0.9988307933787669,124871,69,58.67255007167397,81.63865108792272,99.85745289138391,100.0
0.021655325007411044,0.014180590958149946,0.010760910787068822,0.009247882410958919,0.02686742959736304,0.9995106807954245,124663,70,48.0278831730345,87.94189133905009,99.93983780271613,100.0
0.022637042504760767,0.019639587531556923,0.011730421868168766,0.009340924633636949,0.027536173565783417,0.9996687697160883,126800,71,50.6916403785489,89.45031545741325,99.95820189274448,99.99921135646687
0.016831314022266952,0.018306508589358894,0.008413110666326115,0.0046377823575730615,0.0335916862323518,0.9941389169189371,118920,72,77.18802556340397,93.1979482004709,99.17087117389842,100.0
0.018042563578418328,0.021111958418303968,0.008949854832521902,0.0047385157692340085,0.03892854605728698,0.9942113986994773,117645,73,74.91861107569382,91.64265374644056,99.4066896170683,100.0
0.02013105170252453,0.021640638585116202,0.00973422894566586,0.005328378867540229,0.048180051747134536,0.9865390084368186,116039,74,72.46615362076543,92.81362300605831,98.40657020484493,99.9991382207706
0.0224219242079683,0.02244217136786694,0.010871930919446432,0.007392076714874324,0.043921968965994325,0.9962914255654919,114060,75,57.39698404348589,89.32403997895845,99.4590566368578,100.0
0.02946041928214565,0.022240075188399114,0.014105884613622222,0.010220275969394649,0.0455014819526213,0.9965884897151767,119302,76,42.665671992087304,82.18554592546646,99.55910211061006,100.0
0.02491630265560041,0.018519920021731705,0.012078897793234305,0.008933302606176585,0.03182941201047504,0.9962808587065183,118038,77,49.720429014385196,81.38480828207865,99.52896524847931,100.0
0.0279301140556788,0.08912399977193892,0.012365388663273878,0.005645936030987203,0.05902592064621043,0.9868936689018549,114830,78,70.23861360271707,87.45798136375512,97.76887572933902,99.98954976922407
0.017849297411723076,0.02085085966201544,0.008740186366006384,0.00511017268523456,0.03996484624638459,0.9940788861538982,118221,79,71.21915734091236,92.98178834555621,99.37067018550005,100.0
0.026297806882782188,0.024271661979208287,0.011781542946054135,0.0059223517864944175,0.05786274568150376,0.9870372361745183,102293,80,68.7925860029523,87.26990116625771,96.94993792341607,100.0
0.02595462672631443,0.019236478033263685,0.012601311205337012,0.008282163854553437,0.04165084478804118,0.9964934897511925,116355,81,53.01791929869795,78.7838941171415,99.3107300932491,100.0
0.028797584631795436,0.02357703375407422,0.013626710394277536,0.006637321711630895,0.04914458887573736,0.9957062107527631,114817,82,61.37941245634357,78.23580131862006,99.35027043033698,100.0
0.018069536656553576,0.02665732357141667,0.008558145621714504,0.005062398121751077,0.03700880294140371,0.9984152649403513,124311,83,71.09588049327895,89.83597589915615,99.7836072431241,99.97506254474663
0.020570824671165132,0.030968086371544818,0.009160955640951492,0.004730149419080204,0.047726244670021685,0.9908316513290685,116924,84,73.5426430843967,89.7232390270603,98.92323218500907,99.96921076938867
0.023258460102128065,0.03005774881714709,0.011023607021619653,0.0061632835207671155,0.047890815683572986,0.9902112627036057,114928,85,71.22198245858277,89.49429207851873,98.48426841152722,99.97737714047055
0.019556689374828864,0.028841606759839027,0.009590548063810813,0.005366974854952411,0.041771322485925945,0.9976173297313623,119194,86,71.50611607966843,90.13960434250046,99.60149000788631,99.97231404265315
0.023670445447855338,0.13040021891609221,0.011156294792730597,0.004034462601631761,0.0651414721816961,0.9934692908243536,101061,87,76.469656939868,89.74381809006442,98.96696054857958,99.94557742353628
0.019610576478171163,0.02803562207194963,0.009261027470614944,0.004038675878461018,0.04340955361030036,0.9966453444648183,118343,88,73.47118122744902,89.30312735016012,98.93698824603061,99.98140996932645
0.02330130594996569,0.02643592625880134,0.01114191928147738,0.008417068806153338,0.03816296557960487,0.9976001693998071,127509,89,51.4661710153793,85.6810107521822,99.691002203766,99.98196205758025
0.016775465609374318,0.01596170495029362,0.008179301801716495,0.004448573932533173,0.031166262099385413,0.9979785594750882,120706,90,69.00568323032824,89.67905489370868,99.72329461667191,100.0
0.02686501261407011,0.03393352545675504,0.01268869202541599,0.0063787217503875615,0.04961423299204753,0.9982404452082821,122190,91,61.557410590064656,77.94582208036664,99.71437924543743,99.96890089205336
0.02111960326658381,0.02499061683640265,0.00987999916711188,0.007486450396419264,0.035536566488398,0.9964175376322881,121704,92,61.736672582659565,90.28215999474133,99.539867218826,99.98274502070598
0.024117366803477945,0.016319470656013118,0.011457789761708238,0.009673223246139201,0.03077599230299036,0.9985341967075803,124164,93,45.94407396668922,87.22173899036758,99.74388711703875,100.0
0.02390994027345611,0.022973275872343865,0.011084581573402459,0.006851904586199664,0.04287953923107172,0.9968536381425259,116007,94,61.346298068220015,88.88687751601196,99.41210444197333,99.98275966105493
0.031017483879663126,0.03967009234948424,0.013701183637942274,0.007069495757709071,0.05931498021295634,0.985510567414641,113462,95,59.42341929456558,78.40686749748814,97.8724154342423,99.98854241948845
0.03024391164871149,0.03991991078675039,0.014328039136360536,0.00937764851055145,0.05627731355968508,0.9909691685727067,118483,96,47.39667294042183,76.60170657393888,98.59979912730095,99.96201986782914
0.02378818783684275,0.03137123940343402,0.011647195350034978,0.005863658652471265,0.06010869508769419,0.991298285478207,116184,97,69.03618398402533,89.25239275631756,98.6504165805963,99.98967155546374
0.024448537791510235,0.026587176411787185,0.011990674599592275,0.007204242578953579,0.05413239272722402,0.9916036288959942,115407,98,60.08734305544724,88.8446974620257,99.03905309036713,100.0
0.026631838892013298,0.036472012143613175,0.012195597068534765,0.005504267183362499,0.0664411530070755,0.9821960314408607,111829,99,70.91988661259602,88.02010212020139,98.1686324656395,99.97496177199116
0.01590287282054678,0.012829446395032808,0.008200353059686728,0.004870674069649805,0.023801637574779464,0.9998375957991447,129307,100,73.49872783375997,89.05241015567603,99.94199849969453,100.0
0.018202008906826123,0.04121761090894039,0.009020925217421354,0.00533034988579173,0.038746153495015964,0.9987696362092094,125979,101,73.42414211892458,90.5206423292771,99.86743822383094,99.98174298891085
0.024222407419460957,0.033353307000704595,0.011617581268426913,0.005773698707003866,0.04669955177077107,0.9949470768283716,116962,102,66.63189753937176,84.3119987688309,99.35107128811067,99.99145021459961
0.028434546778075026,0.027594575297109455,0.012848941893246596,0.008696442020777101,0.047033178118690344,0.9947740063620792,114428,103,48.63494948788758,82.37756493166009,98.85342748278393,99.98426958436745
0.029636226727142924,0.03090811451014377,0.014022098488276414,0.009683743167288594,0.047404362561936926,0.9941287172504705,115307,104,45.46818493239786,79.31695387097054,99.19866096594309,99.993929249742
0.021488595902700674,0.0301518843197642,0.010415799336885148,0.005947152795762856,0.04201662353696168,0.9970344159400143,118695,105,68.89085471165592,88.55469901849278,99.63014448797338,99.98820506339779
0.023009522395101158,0.0332832456249024,0.016149066739279114,0.006632632448398568,0.045729408021733656,0.9941826054451436,128408,106,72.72599838016322,87.27571490872843,98.86922933150582,100.0
0.02813580207990658,0.048424808792955,0.020937753338069916,0.007062354131122134,0.06194939770453466,0.9697564744322297,124258,107,67.98596468637834,84.38088493296206,96.7470907305767,100.0
0.07236173668792717,0.10409153234430475,0.05367407928732934,0.009005639435785362,0.14476725011270247,0.832780909523464,123999,108,56.76578036919653,70.0054032693812,82.6377632077678,100.0
0.03026147309799545,0.06255026565859845,0.01778706790352877,0.006803112060487004,0.10451861142201219,0.9826736450880232,111391,109,72.06686357066549,90.71109874226822,98.11564668599797,99.7477354543904
0.019096496791836167,0.025319141818305604,0.012642854177457832,0.006217664171852322,0.03858097622316019,0.9936795393642038,127997,110,75.94552997335875,91.47480019062947,98.8195035821152,100.0
0.02313960728702012,0.049987102273046605,0.01878693159341838,0.005328925761056924,0.06390200242943753,0.969031518797446,132651,111,76.43364919977988,89.33064959932454,96.710918123497,100.0
0.032574284242959654,0.12084233888935413,0.029692828209678685,0.006611294024547298,0.130496641302529,0.9678915314845511,107386,112,69.69157990799546,85.10699718771535,96.24438939899056,100.0
0.013437137050793855,0.01654847521918526,0.009961006275759183,0.006272284488216595,0.02117933210913319,0.9993181330636511,130524,113,79.53326591278233,95.28745671294168,99.917256596488,100.0
0.020818895225513126,0.025452891912501857,0.013357685531240669,0.006445625279030809,0.04311877158202113,0.9903409670009173,127549,114,76.10251746387662,91.56559439901528,97.4990003841661,100.0
0.01639770085179268,0.019295295401878437,0.011530945120127794,0.006876082619696078,0.02809828815524772,0.9989859817786344,129189,115,74.35462771598202,92.2833987413789,99.78403734064045,100.0
0.01816381628399697,0.020240557364413343,0.012428377376190835,0.007707815070835761,0.028618408163783634,0.9990457256461233,125750,116,68.4779324055666,87.95467196819085,99.86481113320079,100.0
0.016417392619113843,0.01987737310726115,0.011951031775400788,0.007133082236671223,0.025480816474226443,0.998813460714067,130632,117,71.7151999510074,90.92412272643763,99.84000857370323,100.0
0.017839963104403042,0.023801255022234177,0.012851527121294707,0.0070653877687495426,0.031060889987419137,0.9982026298363447,126852,118,71.35244221612588,89.08097625579416,99.77454040929588,100.0
0.015440959400383845,0.025518484734155043,0.010740166413755312,0.0054210376433285745,0.03445190221567278,0.9971311638256447,125835,119,80.888465053443,92.49413915047484,99.66066674613582,100.0
0.012945884936934446,0.024751673624871295,0.009656133482868033,0.005022338180892705,0.031052399507195603,0.9969699579552306,127721,120,84.06370134903423,95.94898254789737,99.65315022588298,100.0
0.02298669894710346,0.024411222181910594,0.015580274536185577,0.009827303992909875,0.036282608590504736,0.9967186676673,125254,121,60.09309083941431,84.11787248311431,99.1074137352899,100.0
0.012246910873822393,0.01617709589319715,0.007617734955901229,0.0043703851218516165,0.024729470612748886,0.9986832986832986,129870,122,82.93601293601294,95.51859551859552,99.84676984676985,100.0
0.013439376290836986,0.015207391519884891,0.009562514711369261,0.006071187784287835,0.02143158286493,0.9998547111811217,130774,123,80.92510743725818,94.13721381926071,99.976294982183,100.0
0.01296277267032074,0.016579150494486408,0.009318979108025689,0.006100570514255166,0.02038110248270454,0.9996134255048208,131928,124,81.73094415135529,96.76187011096961,99.90449336001456,100.0
0.036814456616788664,0.027674734690140354,0.02243420745314491,0.02231807993665691,0.030643793957583744,0.9988891474206454,133231,125,27.54088763125699,52.31515187906718,99.86264457971494,100.0
0.012702705948774666,0.015403056470177486,0.00917553664438965,0.005902518915738786,0.01969424691457561,0.9992416083969118,131858,126,80.68679943575665,95.89027590286521,99.86652307785648,100.0
0.012319227092744573,0.023341762788962817,0.008117659143072428,0.003931896235437882,0.0313700677452354,0.9953691135844658,125246,127,84.60389952573337,96.09169155102758,99.47064177698289,100.0
0.01254043892351953,0.014637710548346445,0.008978046605910804,0.005892548398990005,0.019519633944461556,0.999901687198917,132231,128,80.37449614689444,95.26888551096188,99.97201866430716,100.0
0.012240691200497976,0.01603632691067187,0.008745196986502939,0.004816089390147327,0.02083997268797668,0.9997178243494708,131124,129,81.28565327476281,95.08709313321742,99.95652969708063,100.0
0.019098393397415193,0.029261318088314933,0.012712315357287417,0.007056391861846256,0.041939573728135435,0.9973417731386566,128281,130,71.6310287571815,88.89936935321676,99.64998713761196,100.0
0.016664826271460202,0.02425026441384738,0.011049205162432803,0.006053938776488632,0.036209900656765395,0.9968285352736476,126440,131,76.4734261309712,91.46472635242013,99.50648528946536,100.0
0.013643922642665951,0.016776595064184618,0.009288322986152424,0.005212408203085772,0.025545446418799283,0.9985952524038462,133120,132,82.49098557692308,93.24444110576923,99.79417067307692,100.0
0.023722500238117176,0.03603532790209736,0.014655805600985412,0.007597560777536039,0.06227340823287399,0.9845906795244078,120187,133,68.44583856823118,90.914990805994,98.36920798422459,100.0
0.01591168793832969,0.020371976336639893,0.010627631738857413,0.00654132112225736,0.03295167337428715,0.9953542305114864,132809,134,77.6054333667146,94.80155712338772,99.4465736508821,100.0
0.02265685777680348,0.12694316787603188,0.013772606934459978,0.00703625561684873,0.06637914687991851,0.9956974260305725,132014,135,76.4100777190298,93.81732240519945,99.48187313466754,99.94924780705077
0.020625205630317826,0.11946046974183737,0.01291936231979577,0.0064692346434802595,0.06198904222541033,0.998669636544704,131543,136,77.73275658910013,93.99663988201577,99.79702454710628,99.9490660848544
0.017223279482252944,0.01756165924852331,0.011752961001270783,0.008105138568586523,0.023799726705464545,0.9997400591179835,134646,137,67.12119186607846,90.578999747486,99.8536904178364,100.0
0.014581052039382057,0.015747951289705218,0.0101983719168314,0.00670046207301922,0.022357754049040703,0.9996756626287921,132578,138,78.14041545354434,93.2341715820121,99.96153207922883,100.0
0.013514474721175862,0.016455063843239748,0.009978324147661505,0.006291950436865701,0.021420287787096568,0.9992964086579562,132179,139,79.82357257960795,95.68917906777929,99.9182926183433,100.0
0.014281612409833609,0.016846466427319007,0.010168775231611754,0.006953494246439401,0.02194629646576893,0.9993199150275854,130866,140,77.11170204636804,94.52340562101692,99.91518041355279,100.0
0.020003935504880825,0.03363179053095009,0.013178287694175672,0.007947204494184013,0.0468025945360807,0.9950787713570228,126188,141,70.13899895394174,89.98795448061622,99.48727295780898,100.0
0.01978031015806801,0.021956513671813303,0.012993490584513405,0.008789909353276615,0.03271947663720752,0.9985815375491854,124783,142,65.12906405519982,88.69397273667086,99.57205709111017,100.0
0.020144403324040057,0.02430191705276645,0.014199989529811727,0.008892924089294096,0.03225798692636974,0.9983339151407445,126044,143,62.77490400177715,87.46390149471614,99.82625115039193,100.0
0.01593042160066137,0.023288921347706548,0.01090725670176304,0.006251627426649531,0.03220980648870749,0.9983098993874377,126028,144,77.73272606087535,93.13406544577396,99.71434919224299,99.99365220427207
0.016762495701185553,0.021762894904803935,0.011703332289524722,0.006744188032936527,0.030949334355513957,0.9974053867619854,127572,145,74.02329664816732,92.27965384253598,99.63393221082997,100.0
0.018858543140729687,0.04354906371420137,0.01270497392297838,0.006304631138278172,0.05482745929398342,0.9930635485665937,131191,146,78.63801632733953,94.16423382701558,99.28958541363355,100.0
0.01588185200852906,0.026497143933188076,0.011149318194983437,0.006327547729781502,0.034693191311881824,0.9966594394924918,124530,147,76.33261061591584,92.38496747771622,99.61615674937767,100.0
0.019472083451130065,0.025729657806359652,0.012530308477760476,0.006723508280105817,0.040570621045510534,0.9892201780602629,126811,148,72.8548785200022,91.38402819944642,98.49697581440095,100.0
0.01791504550512796,0.02456220463824054,0.012158985107776145,0.006069542942338524,0.03765745835647865,0.9903293438653226,129257,149,77.01633180408024,92.20080924050535,98.6058782116249,100.0
0.017748083178127833,0.019971478723192687,0.012304795876067372,0.007162817039989555,0.029345557397284082,0.9992975390451214,128121,150,70.89938417589622,89.18990641659057,99.73228432497405,100.0
0.01603467055020918,0.021923863392350272,0.011276795304065222,0.0076311834848832305,0.029273488349160843,0.9976763182730207,126093,151,72.02144448938482,93.52065538927616,99.74066760248388,100.0
0.017182777743347158,0.02003333827405084,0.011646222040620345,0.007091805771008319,0.029854073950071416,0.9986072532373538,127805,152,72.3805797895231,91.30159226947303,99.62442783928641,100.0
0.016462042933198796,0.021404350382379943,0.011369471274924471,0.006506541818339873,0.029859625983656317,0.9984008027343138,127564,153,74.807939544072,91.42940014424133,99.70838167508074,100.0
0.017892415320183996,0.02713359539345018,0.012524888763429552,0.006584282386544904,0.03753833626406442,0.9968245246887145,123761,154,72.35074054023481,89.99442473800309,99.4659060608754,100.0
0.01757238728046803,0.019355993598152505,0.011496695375253219,0.006780020919165519,0.030528086733401624,0.9988233093839128,128326,155,73.11534685098889,89.84383523214314,99.62283559060518,100.0
0.01946018546450554,0.022318776500232652,0.013479037822965985,0.008578506999981028,0.030865708336405805,0.9990817835187923,128510,156,65.78865457941016,89.05299198505952,99.89183721111198,100.0
0.01729021912224332,0.021034984504953495,0.012320048256549906,0.007907023760212573,0.028253730528615788,0.9988687959307859,128182,157,68.3754349284611,91.02370067560189,99.87517748201775,100.0
0.016883432706009872,0.022544343256024717,0.012113877524175814,0.007454441394688871,0.03084739239819982,0.9982897781354713,129223,158,70.29863104865233,91.44269982897781,99.82665624540523,100.0
0.023708681795746686,0.035956386910690745,0.01723873686369939,0.00981918112031499,0.04969029955245332,0.9951153100375428,121195,159,56.79524732868517,83.66929328767688,99.42406864969678,100.0
0.016328975946929964,0.020509312900057586,0.012147700219740546,0.007119891985069571,0.026761243127362562,0.9979232040262556,131934,160,71.50544969454424,91.81939454575773,99.6968181060227,100.0
0.014671344417385096,0.019486107972368515,0.011020604304351748,0.0065030486896672235,0.025650425652229553,0.9976252257173639,131802,161,75.18322938953885,94.04409644770185,99.70258417929925,100.0
0.01623271470799631,0.027566384526802372,0.0115277328848791,0.006891667215688124,0.032553391223177956,0.99761486124914,130810,162,72.91338582677164,92.18637718828836,99.70032872104579,99.99541319470988
0.01778318817711242,0.03276188739218962,0.012633475101337803,0.007517854733386287,0.03896169306758184,0.9958997472554129,127797,163,72.76931383365806,92.84959740838987,99.50390071754424,100.0
0.01737157575659424,0.027740668243034918,0.012492790421316012,0.007274432813345166,0.03415383626018395,0.9973347972059128,125694,164,72.55238913551959,91.60182665839261,99.64914793068883,100.0
0.02274085307564636,0.04808777663661077,0.01416174975549574,0.0074828405919868946,0.06354152198886703,0.9935424432216785,118311,165,69.5531269281808,90.97125372957713,99.10574671839474,99.8292635511491
0.01873939286212799,0.027216705899953217,0.012713229381571649,0.00709703189278188,0.04129594169260988,0.9940745111260958,118640,166,73.26281186783547,90.96426163182738,99.27174645987863,100.0
0.016010826081405614,0.02735086094047268,0.01143551420377035,0.0060742342638323565,0.03770443376662001,0.9946777580358585,123820,167,78.2442254886125,92.90744629300598,99.2965595218866,100.0
0.01900677034608863,0.02848372365741417,0.013112540267792138,0.006940048028772461,0.04178344181455897,0.9945336635221428,120739,168,73.51808446318091,90.15231201186029,99.19164478751688,100.0
0.014291142978152217,0.02446370270223447,0.010254263050744677,0.0056752540349910285,0.031025629912654378,0.9967279376383409,124692,169,81.29230423764155,94.0381099028005,99.64312064927982,100.0
0.021900696588372782,0.06350246862954699,0.017169555325914104,0.007568803067547342,0.08564814755135647,0.9861628835785129,120184,170,71.55444984357318,92.99657192305132,98.59465486254409,100.0
0.0170148407947296,0.018112702717965282,0.01161923846297621,0.008719579593169602,0.023436738744656998,0.9995387279477931,132243,171,66.76118962818448,92.554615367165,99.92740636555432,100.0
0.01725584098207226,0.020076792298938488,0.011739950073329758,0.0076455011818326035,0.030206377283872276,0.9966258366748013,127439,172,71.70254003876364,91.80392187634868,99.29221039085367,100.0
0.018748424332308375,0.02892298635282104,0.012425605476086824,0.00842636756022111,0.0408506423807895,0.9969612779996527,126698,173,65.03891142717328,91.6975800722979,99.49012612669497,100.0
0.01542129888947797,0.03505065309397125,0.010863798692166301,0.005454560369069661,0.042594694289895284,0.9964903324612341,125368,174,82.30888264947993,94.01920745325761,99.6259013464361,100.0
0.02644163545340978,0.03221042406432817,0.013191557624245717,0.005782154366514081,0.07588101128282382,0.9751283285210138,124680,175,81.66345845364133,93.41033044594161,97.51122874558871,100.0
0.014365930322336642,0.01630991035467164,0.010196565825783278,0.006511120014539129,0.022665671761326653,0.9993635109945899,131974,176,76.5150711503781,93.75634594692895,99.9234697743495,100.0
0.01279786323556923,0.015948645485781832,0.009480017458729801,0.0058402236522501205,0.020848806650669644,0.9999545023696682,131875,177,81.17308056872038,95.7490047393365,99.91052132701422,99.99545023696682
0.013803851407844356,0.015566880295005732,0.009788397201623916,0.006471757454459992,0.02102843279607119,0.9991137035073101,132010,178,77.61078706158624,94.3299750018938,99.9075827588819,100.0
0.012352815952217763,0.014408975602345706,0.008999606772709522,0.0055736625738373735,0.019001786686672423,0.9998201196204524,133422,179,82.48189953680803,95.05628756876678,99.97451694623075,100.0
0.01849519646398644,0.018962901931976098,0.01221362318937017,0.008689181090050013,0.02854219006994029,0.9983652587205122,132131,180,64.5018958457894,88.72028517153431,99.7358681914161,100.0
0.025199373581517418,0.20679993637650215,0.014760475998198382,0.007284785304003449,0.0705926826952179,0.9994933032844535,132229,181,73.4127914451444,93.13388137246747,99.93269252584531,99.95311164721808
0.022649321110110993,0.02007692459909315,0.01537942610198047,0.014628086016412079,0.02524209842386452,0.9989265438491719,132283,182,46.64091379844727,87.33699719540682,99.86619595866438,100.0
0.010515958016561425,0.012300369667225251,0.008012857053714085,0.004926476284323522,0.015173073042101646,1.0,135123,183,85.40070898366673,97.23215144719995,100.0,100.0
0.014400475530854523,0.01678991681062088,0.011119641763553421,0.006896034779336757,0.019851397780272045,0.9998664272250998,134758,184,73.70619926089731,94.14506003354161,99.82412917971475,100.0
0.012830094421850721,0.014967567374906204,0.009801903129765775,0.006580622901756733,0.017167615320207958,1.0,134986,185,77.50655623546146,95.77215414931919,100.0,100.0
0.012596993657915586,0.1169184987855956,0.009385129775479093,0.005149644897904926,0.02865465931708015,0.999955556872389,135004,186,84.45527539924743,96.79787265562501,99.9955556872389,99.9955556872389
0.02818712623555548,0.025650249904775473,0.020189038330745864,0.018671605333452718,0.02675194650271381,0.9985326654784586,130168,187,30.66575502427632,78.55310060844447,99.82330526703952,100.0
0.02673640580293092,0.023925982007515965,0.01700133928427531,0.013358086813983344,0.03945126475809756,0.9989426097617041,130510,188,48.079074400429086,83.10091180752433,99.88200137920465,100.0
0.018872686644115004,0.02793262081801701,0.012829462710295727,0.009586275030638802,0.04352104145788118,0.9937066092477221,126323,189,64.46806994767383,93.60449007702478,99.346912280424,100.0
0.017930201839731992,0.034011379946748084,0.011830982740852487,0.006844844256580412,0.05520828212536842,0.9901324198578659,117354,190,77.6675699166624,95.01167408013362,98.95785401434975,100.0
0.03006222428514001,0.05546569695124399,0.017026255754168187,0.007017398675642134,0.08835491247210873,0.9805699481865285,123520,191,74.66564119170984,91.82075777202073,97.89183937823834,100.0
0.017606940968935603,0.026521688025853654,0.011784640541396718,0.007076146466302863,0.0403626727860985,0.9950349423045669,123060,192,73.87128230131643,92.11116528522672,99.37591418820088,100.0
0.011830149534880915,0.015335136645106377,0.009013922166693717,0.005480735999876085,0.018767592714048906,0.9998057019018795,133815,193,83.38601800993911,96.08788252438067,99.97309718641408,100.0
0.011209175602672304,0.012735081834381646,0.008244743361064948,0.005307502938783237,0.016430637758173272,1.0,134731,194,84.26271607870498,96.78693099583614,100.0,100.0
0.011865083262177415,0.016234311171532904,0.008937290091513023,0.005455089314712502,0.019457707418485022,0.9999258413301099,134846,195,81.94236388176141,96.74888391201816,99.99110095961319,99.992584133011
0.01659117670398523,0.030432388633804024,0.011738497277818607,0.006905199452961197,0.03575667080226894,0.9949133969022423,122282,196,74.69619404327702,93.24021524018254,99.48561521728465,100.0
0.011864992552633905,0.018593318716630242,0.008733234949494849,0.005155233197816272,0.024087065884993496,0.9986301369863013,130670,197,84.5259049514043,96.73069564551925,99.85459554603199,100.0
0.021070701732031214,0.037640979078976226,0.012806974306557528,0.005402352413802269,0.06801003061077814,0.9829937616140164,120544,198,81.22760153968676,93.62307539155826,97.91528404565967,100.0
0.04235665155822832,0.8469809406111947,0.022807776076532463,0.0063274552344736446,0.07903848585414817,0.9975041787832299,131019,199,79.790717376869,95.51362779444203,99.55884261061372,99.97557606148727
0.010203861210459624,0.017691306798540515,0.007622688603169791,0.0049214182173695775,0.020792949978476798,0.9990344775154901,131535,200,89.52218040825636,98.25293648078458,99.89660546622572,100.0
0.016028076203775096,0.05623486382291243,0.010322957257782713,0.005364141044817222,0.049426046770405636,0.9936401979343097,120444,201,82.29882767095081,95.47341503105177,99.26189764537877,99.95765667031982
0.01298742367257765,0.016705790135135228,0.00953748153705276,0.005789596684737025,0.021866994496348463,0.999124343257443,131330,202,81.64471179471559,94.97220741643189,99.9071042412244,100.0
0.015410309972525581,0.09532552348963336,0.01073920567713545,0.005775698737691237,0.041077892936539295,0.9995828941081897,131861,203,80.21932186165735,95.46795489189374,99.95525591342398,99.98483251302508
0.016113368698528637,0.027870772528271602,0.011424869617843038,0.005728649182024981,0.045378668174071504,0.9941490528779346,123057,204,79.80691874497184,93.83293920703414,99.39377686763045,100.0
0.012610717255311595,0.018895799480367965,0.009595050476779795,0.005637231144269617,0.02187567303946194,0.9986274001433604,131138,205,82.55578093306288,96.01335997193796,99.8246122405405,100.0
0.014320938519013188,0.019206493251234746,0.010486819674861278,0.007085250903542284,0.022476540090002602,0.9988751406074241,133350,206,74.16047994000749,95.42632170978628,99.87176602924634,100.0
0.01619337085806931,0.018854526049233503,0.011708284452741245,0.008137865042724401,0.022602319221186787,0.9995665366276549,133806,207,67.58067650180112,92.7312676561589,99.94245400056798,100.0
0.013818050571772982,0.020215631321291477,0.009938139026328115,0.006720801099554641,0.027700681277045267,0.9989908472189627,127830,208,76.81373699444575,96.46014237659392,99.89439098803098,100.0
0.014059159399576813,0.02339654443164992,0.010093831105748614,0.006475143173632403,0.0313534526435265,0.9976210882119715,124847,209,79.58941744695507,96.2754411399553,99.75489999759705,100.0
0.014024169062165994,0.0193617536262865,0.010005954148654343,0.0058386131416495735,0.025141010415498807,0.9990445161492435,127684,210,78.22436640456127,93.70947025469127,99.8856552113029,100.0
0.014069827611496217,0.01695612364282364,0.009970326408822765,0.006037862433974084,0.023927783784760334,0.9999064356667239,128254,211,80.64621766182731,93.44737785955994,99.96413367224413,100.0
0.013323667596752672,0.018067031988194964,0.009644579537700268,0.006022251768762921,0.023843539687247634,0.9992918010576797,129907,212,81.20270655160999,95.34821064299845,99.92533119847276,100.0
0.01228957738770597,0.021445049836926158,0.009282306890989578,0.005469960395387163,0.02444454690348296,0.9987180070699255,131826,213,84.00239709920653,96.62282099130672,99.87028355559602,100.0
0.014105728175872955,0.01902325444371047,0.010130713441798686,0.005609932066635626,0.02731104329136057,0.9987352862748086,131255,214,80.50436173860044,92.80255990247991,99.77905603596054,100.0
